year,month,day,freq,spend_acf,spend_aer,spend_all,spend_apg,spend_grf,spend_hcs,spend_tws,spend_all_inchigh,spend_all_inclow,spend_all_incmiddle,spend_all_q2,spend_all_q3,spend_retail_no_grocery,spend_retail_w_grocery,provisional
2019,1,7,d,.,.,.,.,.,.,.,.,.,.,.,.,.,.,0
2019,1,8,d,.,.,.,.,.,.,.,.,.,.,.,.,.,.,0
2019,1,9,d,.,.,.,.,.,.,.,.,.,.,.,.,.,.,0
2019,1,10,d,.,.,.,.,.,.,.,.,.,.,.,.,.,.,0
2019,1,11,d,.,.,.,.,.,.,.,.,.,.,.,.,.,.,0
2019,1,12,d,.,.,.,.,.,.,.,.,.,.,.,.,.,.,0
2019,1,13,d,.,.,.,.,.,.,.,.,.,.,.,.,.,.,0
2019,1,14,d,.,.,.,.,.,.,.,.,.,.,.,.,.,.,0
2019,1,15,d,.,.,.,.,.,.,.,.,.,.,.,.,.,.,0
2019,1,16,d,.,.,.,.,.,.,.,.,.,.,.,.,.,.,0
2019,1,17,d,.,.,.,.,.,.,.,.,.,.,.,.,.,.,0
2019,1,18,d,.,.,.,.,.,.,.,.,.,.,.,.,.,.,0
2019,1,19,d,.,.,.,.,.,.,.,.,.,.,.,.,.,.,0
2019,1,20,d,.,.,.,.,.,.,.,.,.,.,.,.,.,.,0
2019,1,21,d,.,.,.,.,.,.,.,.,.,.,.,.,.,.,0
2019,1,22,d,.,.,.,.,.,.,.,.,.,.,.,.,.,.,0
2019,1,23,d,.,.,.,.,.,.,.,.,.,.,.,.,.,.,0
2019,1,24,d,.,.,.,.,.,.,.,.,.,.,.,.,.,.,0
2019,1,25,d,.,.,.,.,.,.,.,.,.,.,.,.,.,.,0
2019,1,26,d,.,.,.,.,.,.,.,.,.,.,.,.,.,.,0
2019,1,27,d,.,.,.,.,.,.,.,.,.,.,.,.,.,.,0
2019,1,28,d,.,.,.,.,.,.,.,.,.,.,.,.,.,.,0
2019,1,29,d,.,.,.,.,.,.,.,.,.,.,.,.,.,.,0
2019,1,30,d,.,.,.,.,.,.,.,.,.,.,.,.,.,.,0
2019,1,31,d,.,.,.,.,.,.,.,.,.,.,.,.,.,.,0
2019,2,1,d,.,.,.,.,.,.,.,.,.,.,.,.,.,.,0
2019,2,2,d,.,.,.,.,.,.,.,.,.,.,.,.,.,.,0
2019,2,3,d,.,.,.,.,.,.,.,.,.,.,.,.,.,.,0
2019,2,4,d,.,.,.,.,.,.,.,.,.,.,.,.,.,.,0
2019,2,5,d,.,.,.,.,.,.,.,.,.,.,.,.,.,.,0
2019,2,6,d,.,.,.,.,.,.,.,.,.,.,.,.,.,.,0
2019,2,7,d,.,.,.,.,.,.,.,.,.,.,.,.,.,.,0
2019,2,8,d,.,.,.,.,.,.,.,.,.,.,.,.,.,.,0
2019,2,9,d,.,.,.,.,.,.,.,.,.,.,.,.,.,.,0
2019,2,10,d,.,.,.,.,.,.,.,.,.,.,.,.,.,.,0
2019,2,11,d,.,.,.,.,.,.,.,.,.,.,.,.,.,.,0
2019,2,12,d,.,.,.,.,.,.,.,.,.,.,.,.,.,.,0
2019,2,13,d,.,.,.,.,.,.,.,.,.,.,.,.,.,.,0
2019,2,14,d,.,.,.,.,.,.,.,.,.,.,.,.,.,.,0
2019,2,15,d,.,.,.,.,.,.,.,.,.,.,.,.,.,.,0
2019,2,16,d,.,.,.,.,.,.,.,.,.,.,.,.,.,.,0
2019,2,17,d,.,.,.,.,.,.,.,.,.,.,.,.,.,.,0
2019,2,18,d,.,.,.,.,.,.,.,.,.,.,.,.,.,.,0
2019,2,19,d,.,.,.,.,.,.,.,.,.,.,.,.,.,.,0
2019,2,20,d,.,.,.,.,.,.,.,.,.,.,.,.,.,.,0
2019,2,21,d,.,.,.,.,.,.,.,.,.,.,.,.,.,.,0
2019,2,22,d,.,.,.,.,.,.,.,.,.,.,.,.,.,.,0
2019,2,23,d,.,.,.,.,.,.,.,.,.,.,.,.,.,.,0
2019,2,24,d,.,.,.,.,.,.,.,.,.,.,.,.,.,.,0
2019,2,25,d,.,.,.,.,.,.,.,.,.,.,.,.,.,.,0
2019,2,26,d,.,.,.,.,.,.,.,.,.,.,.,.,.,.,0
2019,2,27,d,.,.,.,.,.,.,.,.,.,.,.,.,.,.,0
2019,2,28,d,.,.,.,.,.,.,.,.,.,.,.,.,.,.,0
2019,3,1,d,.,.,.,.,.,.,.,.,.,.,.,.,.,.,0
2019,3,2,d,.,.,.,.,.,.,.,.,.,.,.,.,.,.,0
2019,3,3,d,.,.,.,.,.,.,.,.,.,.,.,.,.,.,0
2019,3,4,d,.,.,.,.,.,.,.,.,.,.,.,.,.,.,0
2019,3,5,d,.,.,.,.,.,.,.,.,.,.,.,.,.,.,0
2019,3,6,d,.,.,.,.,.,.,.,.,.,.,.,.,.,.,0
2019,3,7,d,.,.,.,.,.,.,.,.,.,.,.,.,.,.,0
2019,3,8,d,.,.,.,.,.,.,.,.,.,.,.,.,.,.,0
2019,3,9,d,.,.,.,.,.,.,.,.,.,.,.,.,.,.,0
2019,3,10,d,.,.,.,.,.,.,.,.,.,.,.,.,.,.,0
2019,3,11,d,.,.,.,.,.,.,.,.,.,.,.,.,.,.,0
2019,3,12,d,.,.,.,.,.,.,.,.,.,.,.,.,.,.,0
2019,3,13,d,.,.,.,.,.,.,.,.,.,.,.,.,.,.,0
2019,3,14,d,.,.,.,.,.,.,.,.,.,.,.,.,.,.,0
2019,3,15,d,.,.,.,.,.,.,.,.,.,.,.,.,.,.,0
2019,3,16,d,.,.,.,.,.,.,.,.,.,.,.,.,.,.,0
2019,3,17,d,.,.,.,.,.,.,.,.,.,.,.,.,.,.,0
2019,3,18,d,.,.,.,.,.,.,.,.,.,.,.,.,.,.,0
2019,3,19,d,.,.,.,.,.,.,.,.,.,.,.,.,.,.,0
2019,3,20,d,.,.,.,.,.,.,.,.,.,.,.,.,.,.,0
2019,3,21,d,.,.,.,.,.,.,.,.,.,.,.,.,.,.,0
2019,3,22,d,.,.,.,.,.,.,.,.,.,.,.,.,.,.,0
2019,3,23,d,.,.,.,.,.,.,.,.,.,.,.,.,.,.,0
2019,3,24,d,.,.,.,.,.,.,.,.,.,.,.,.,.,.,0
2019,3,25,d,.,.,.,.,.,.,.,.,.,.,.,.,.,.,0
2019,3,26,d,.,.,.,.,.,.,.,.,.,.,.,.,.,.,0
2019,3,27,d,.,.,.,.,.,.,.,.,.,.,.,.,.,.,0
2019,3,28,d,.,.,.,.,.,.,.,.,.,.,.,.,.,.,0
2019,3,29,d,.,.,.,.,.,.,.,.,.,.,.,.,.,.,0
2019,3,30,d,.,.,.,.,.,.,.,.,.,.,.,.,.,.,0
2019,3,31,d,.,.,.,.,.,.,.,.,.,.,.,.,.,.,0
2019,4,1,d,.,.,.,.,.,.,.,.,.,.,.,.,.,.,0
2019,4,2,d,.,.,.,.,.,.,.,.,.,.,.,.,.,.,0
2019,4,3,d,.,.,.,.,.,.,.,.,.,.,.,.,.,.,0
2019,4,4,d,.,.,.,.,.,.,.,.,.,.,.,.,.,.,0
2019,4,5,d,.,.,.,.,.,.,.,.,.,.,.,.,.,.,0
2019,4,6,d,.,.,.,.,.,.,.,.,.,.,.,.,.,.,0
2019,4,7,d,.,.,.,.,.,.,.,.,.,.,.,.,.,.,0
2019,4,8,d,.,.,.,.,.,.,.,.,.,.,.,.,.,.,0
2019,4,9,d,.,.,.,.,.,.,.,.,.,.,.,.,.,.,0
2019,4,10,d,.,.,.,.,.,.,.,.,.,.,.,.,.,.,0
2019,4,11,d,.,.,.,.,.,.,.,.,.,.,.,.,.,.,0
2019,4,12,d,.,.,.,.,.,.,.,.,.,.,.,.,.,.,0
2019,4,13,d,.,.,.,.,.,.,.,.,.,.,.,.,.,.,0
2019,4,14,d,.,.,.,.,.,.,.,.,.,.,.,.,.,.,0
2019,4,15,d,.,.,.,.,.,.,.,.,.,.,.,.,.,.,0
2019,4,16,d,.,.,.,.,.,.,.,.,.,.,.,.,.,.,0
2019,4,17,d,.,.,.,.,.,.,.,.,.,.,.,.,.,.,0
2019,4,18,d,.,.,.,.,.,.,.,.,.,.,.,.,.,.,0
2019,4,19,d,.,.,.,.,.,.,.,.,.,.,.,.,.,.,0
2019,4,20,d,.,.,.,.,.,.,.,.,.,.,.,.,.,.,0
2019,4,21,d,.,.,.,.,.,.,.,.,.,.,.,.,.,.,0
2019,4,22,d,.,.,.,.,.,.,.,.,.,.,.,.,.,.,0
2019,4,23,d,.,.,.,.,.,.,.,.,.,.,.,.,.,.,0
2019,4,24,d,.,.,.,.,.,.,.,.,.,.,.,.,.,.,0
2019,4,25,d,.,.,.,.,.,.,.,.,.,.,.,.,.,.,0
2019,4,26,d,.,.,.,.,.,.,.,.,.,.,.,.,.,.,0
2019,4,27,d,.,.,.,.,.,.,.,.,.,.,.,.,.,.,0
2019,4,28,d,.,.,.,.,.,.,.,.,.,.,.,.,.,.,0
2019,4,29,d,.,.,.,.,.,.,.,.,.,.,.,.,.,.,0
2019,4,30,d,.,.,.,.,.,.,.,.,.,.,.,.,.,.,0
2019,5,1,d,.,.,.,.,.,.,.,.,.,.,.,.,.,.,0
2019,5,2,d,.,.,.,.,.,.,.,.,.,.,.,.,.,.,0
2019,5,3,d,.,.,.,.,.,.,.,.,.,.,.,.,.,.,0
2019,5,4,d,.,.,.,.,.,.,.,.,.,.,.,.,.,.,0
2019,5,5,d,.,.,.,.,.,.,.,.,.,.,.,.,.,.,0
2019,5,6,d,.,.,.,.,.,.,.,.,.,.,.,.,.,.,0
2019,5,7,d,.,.,.,.,.,.,.,.,.,.,.,.,.,.,0
2019,5,8,d,.,.,.,.,.,.,.,.,.,.,.,.,.,.,0
2019,5,9,d,.,.,.,.,.,.,.,.,.,.,.,.,.,.,0
2019,5,10,d,.,.,.,.,.,.,.,.,.,.,.,.,.,.,0
2019,5,11,d,.,.,.,.,.,.,.,.,.,.,.,.,.,.,0
2019,5,12,d,.,.,.,.,.,.,.,.,.,.,.,.,.,.,0
2019,5,13,d,.,.,.,.,.,.,.,.,.,.,.,.,.,.,0
2019,5,14,d,.,.,.,.,.,.,.,.,.,.,.,.,.,.,0
2019,5,15,d,.,.,.,.,.,.,.,.,.,.,.,.,.,.,0
2019,5,16,d,.,.,.,.,.,.,.,.,.,.,.,.,.,.,0
2019,5,17,d,.,.,.,.,.,.,.,.,.,.,.,.,.,.,0
2019,5,18,d,.,.,.,.,.,.,.,.,.,.,.,.,.,.,0
2019,5,19,d,.,.,.,.,.,.,.,.,.,.,.,.,.,.,0
2019,5,20,d,.,.,.,.,.,.,.,.,.,.,.,.,.,.,0
2019,5,21,d,.,.,.,.,.,.,.,.,.,.,.,.,.,.,0
2019,5,22,d,.,.,.,.,.,.,.,.,.,.,.,.,.,.,0
2019,5,23,d,.,.,.,.,.,.,.,.,.,.,.,.,.,.,0
2019,5,24,d,.,.,.,.,.,.,.,.,.,.,.,.,.,.,0
2019,5,25,d,.,.,.,.,.,.,.,.,.,.,.,.,.,.,0
2019,5,26,d,.,.,.,.,.,.,.,.,.,.,.,.,.,.,0
2019,5,27,d,.,.,.,.,.,.,.,.,.,.,.,.,.,.,0
2019,5,28,d,.,.,.,.,.,.,.,.,.,.,.,.,.,.,0
2019,5,29,d,.,.,.,.,.,.,.,.,.,.,.,.,.,.,0
2019,5,30,d,.,.,.,.,.,.,.,.,.,.,.,.,.,.,0
2019,5,31,d,.,.,.,.,.,.,.,.,.,.,.,.,.,.,0
2019,6,1,d,.,.,.,.,.,.,.,.,.,.,.,.,.,.,0
2019,6,2,d,.,.,.,.,.,.,.,.,.,.,.,.,.,.,0
2019,6,3,d,.,.,.,.,.,.,.,.,.,.,.,.,.,.,0
2019,6,4,d,.,.,.,.,.,.,.,.,.,.,.,.,.,.,0
2019,6,5,d,.,.,.,.,.,.,.,.,.,.,.,.,.,.,0
2019,6,6,d,.,.,.,.,.,.,.,.,.,.,.,.,.,.,0
2019,6,7,d,.,.,.,.,.,.,.,.,.,.,.,.,.,.,0
2019,6,8,d,.,.,.,.,.,.,.,.,.,.,.,.,.,.,0
2019,6,9,d,.,.,.,.,.,.,.,.,.,.,.,.,.,.,0
2019,6,10,d,.,.,.,.,.,.,.,.,.,.,.,.,.,.,0
2019,6,11,d,.,.,.,.,.,.,.,.,.,.,.,.,.,.,0
2019,6,12,d,.,.,.,.,.,.,.,.,.,.,.,.,.,.,0
2019,6,13,d,.,.,.,.,.,.,.,.,.,.,.,.,.,.,0
2019,6,14,d,.,.,.,.,.,.,.,.,.,.,.,.,.,.,0
2019,6,15,d,.,.,.,.,.,.,.,.,.,.,.,.,.,.,0
2019,6,16,d,.,.,.,.,.,.,.,.,.,.,.,.,.,.,0
2019,6,17,d,.,.,.,.,.,.,.,.,.,.,.,.,.,.,0
2019,6,18,d,.,.,.,.,.,.,.,.,.,.,.,.,.,.,0
2019,6,19,d,.,.,.,.,.,.,.,.,.,.,.,.,.,.,0
2019,6,20,d,.,.,.,.,.,.,.,.,.,.,.,.,.,.,0
2019,6,21,d,.,.,.,.,.,.,.,.,.,.,.,.,.,.,0
2019,6,22,d,.,.,.,.,.,.,.,.,.,.,.,.,.,.,0
2019,6,23,d,.,.,.,.,.,.,.,.,.,.,.,.,.,.,0
2019,6,24,d,.,.,.,.,.,.,.,.,.,.,.,.,.,.,0
2019,6,25,d,.,.,.,.,.,.,.,.,.,.,.,.,.,.,0
2019,6,26,d,.,.,.,.,.,.,.,.,.,.,.,.,.,.,0
2019,6,27,d,.,.,.,.,.,.,.,.,.,.,.,.,.,.,0
2019,6,28,d,.,.,.,.,.,.,.,.,.,.,.,.,.,.,0
2019,6,29,d,.,.,.,.,.,.,.,.,.,.,.,.,.,.,0
2019,6,30,d,.,.,.,.,.,.,.,.,.,.,.,.,.,.,0
2019,7,1,d,.,.,.,.,.,.,.,.,.,.,.,.,.,.,0
2019,7,2,d,.,.,.,.,.,.,.,.,.,.,.,.,.,.,0
2019,7,3,d,.,.,.,.,.,.,.,.,.,.,.,.,.,.,0
2019,7,4,d,.,.,.,.,.,.,.,.,.,.,.,.,.,.,0
2019,7,5,d,.,.,.,.,.,.,.,.,.,.,.,.,.,.,0
2019,7,6,d,.,.,.,.,.,.,.,.,.,.,.,.,.,.,0
2019,7,7,d,.,.,.,.,.,.,.,.,.,.,.,.,.,.,0
2019,7,8,d,.,.,.,.,.,.,.,.,.,.,.,.,.,.,0
2019,7,9,d,.,.,.,.,.,.,.,.,.,.,.,.,.,.,0
2019,7,10,d,.,.,.,.,.,.,.,.,.,.,.,.,.,.,0
2019,7,11,d,.,.,.,.,.,.,.,.,.,.,.,.,.,.,0
2019,7,12,d,.,.,.,.,.,.,.,.,.,.,.,.,.,.,0
2019,7,13,d,.,.,.,.,.,.,.,.,.,.,.,.,.,.,0
2019,7,14,d,.,.,.,.,.,.,.,.,.,.,.,.,.,.,0
2019,7,15,d,.,.,.,.,.,.,.,.,.,.,.,.,.,.,0
2019,7,16,d,.,.,.,.,.,.,.,.,.,.,.,.,.,.,0
2019,7,17,d,.,.,.,.,.,.,.,.,.,.,.,.,.,.,0
2019,7,18,d,.,.,.,.,.,.,.,.,.,.,.,.,.,.,0
2019,7,19,d,.,.,.,.,.,.,.,.,.,.,.,.,.,.,0
2019,7,20,d,.,.,.,.,.,.,.,.,.,.,.,.,.,.,0
2019,7,21,d,.,.,.,.,.,.,.,.,.,.,.,.,.,.,0
2019,7,22,d,.,.,.,.,.,.,.,.,.,.,.,.,.,.,0
2019,7,23,d,.,.,.,.,.,.,.,.,.,.,.,.,.,.,0
2019,7,24,d,.,.,.,.,.,.,.,.,.,.,.,.,.,.,0
2019,7,25,d,.,.,.,.,.,.,.,.,.,.,.,.,.,.,0
2019,7,26,d,.,.,.,.,.,.,.,.,.,.,.,.,.,.,0
2019,7,27,d,.,.,.,.,.,.,.,.,.,.,.,.,.,.,0
2019,7,28,d,.,.,.,.,.,.,.,.,.,.,.,.,.,.,0
2019,7,29,d,.,.,.,.,.,.,.,.,.,.,.,.,.,.,0
2019,7,30,d,.,.,.,.,.,.,.,.,.,.,.,.,.,.,0
2019,7,31,d,.,.,.,.,.,.,.,.,.,.,.,.,.,.,0
2019,8,1,d,.,.,.,.,.,.,.,.,.,.,.,.,.,.,0
2019,8,2,d,.,.,.,.,.,.,.,.,.,.,.,.,.,.,0
2019,8,3,d,.,.,.,.,.,.,.,.,.,.,.,.,.,.,0
2019,8,4,d,.,.,.,.,.,.,.,.,.,.,.,.,.,.,0
2019,8,5,d,.,.,.,.,.,.,.,.,.,.,.,.,.,.,0
2019,8,6,d,.,.,.,.,.,.,.,.,.,.,.,.,.,.,0
2019,8,7,d,.,.,.,.,.,.,.,.,.,.,.,.,.,.,0
2019,8,8,d,.,.,.,.,.,.,.,.,.,.,.,.,.,.,0
2019,8,9,d,.,.,.,.,.,.,.,.,.,.,.,.,.,.,0
2019,8,10,d,.,.,.,.,.,.,.,.,.,.,.,.,.,.,0
2019,8,11,d,.,.,.,.,.,.,.,.,.,.,.,.,.,.,0
2019,8,12,d,.,.,.,.,.,.,.,.,.,.,.,.,.,.,0
2019,8,13,d,.,.,.,.,.,.,.,.,.,.,.,.,.,.,0
2019,8,14,d,.,.,.,.,.,.,.,.,.,.,.,.,.,.,0
2019,8,15,d,.,.,.,.,.,.,.,.,.,.,.,.,.,.,0
2019,8,16,d,.,.,.,.,.,.,.,.,.,.,.,.,.,.,0
2019,8,17,d,.,.,.,.,.,.,.,.,.,.,.,.,.,.,0
2019,8,18,d,.,.,.,.,.,.,.,.,.,.,.,.,.,.,0
2019,8,19,d,.,.,.,.,.,.,.,.,.,.,.,.,.,.,0
2019,8,20,d,.,.,.,.,.,.,.,.,.,.,.,.,.,.,0
2019,8,21,d,.,.,.,.,.,.,.,.,.,.,.,.,.,.,0
2019,8,22,d,.,.,.,.,.,.,.,.,.,.,.,.,.,.,0
2019,8,23,d,.,.,.,.,.,.,.,.,.,.,.,.,.,.,0
2019,8,24,d,.,.,.,.,.,.,.,.,.,.,.,.,.,.,0
2019,8,25,d,.,.,.,.,.,.,.,.,.,.,.,.,.,.,0
2019,8,26,d,.,.,.,.,.,.,.,.,.,.,.,.,.,.,0
2019,8,27,d,.,.,.,.,.,.,.,.,.,.,.,.,.,.,0
2019,8,28,d,.,.,.,.,.,.,.,.,.,.,.,.,.,.,0
2019,8,29,d,.,.,.,.,.,.,.,.,.,.,.,.,.,.,0
2019,8,30,d,.,.,.,.,.,.,.,.,.,.,.,.,.,.,0
2019,8,31,d,.,.,.,.,.,.,.,.,.,.,.,.,.,.,0
2019,9,1,d,.,.,.,.,.,.,.,.,.,.,.,.,.,.,0
2019,9,2,d,.,.,.,.,.,.,.,.,.,.,.,.,.,.,0
2019,9,3,d,.,.,.,.,.,.,.,.,.,.,.,.,.,.,0
2019,9,4,d,.,.,.,.,.,.,.,.,.,.,.,.,.,.,0
2019,9,5,d,.,.,.,.,.,.,.,.,.,.,.,.,.,.,0
2019,9,6,d,.,.,.,.,.,.,.,.,.,.,.,.,.,.,0
2019,9,7,d,.,.,.,.,.,.,.,.,.,.,.,.,.,.,0
2019,9,8,d,.,.,.,.,.,.,.,.,.,.,.,.,.,.,0
2019,9,9,d,.,.,.,.,.,.,.,.,.,.,.,.,.,.,0
2019,9,10,d,.,.,.,.,.,.,.,.,.,.,.,.,.,.,0
2019,9,11,d,.,.,.,.,.,.,.,.,.,.,.,.,.,.,0
2019,9,12,d,.,.,.,.,.,.,.,.,.,.,.,.,.,.,0
2019,9,13,d,.,.,.,.,.,.,.,.,.,.,.,.,.,.,0
2019,9,14,d,.,.,.,.,.,.,.,.,.,.,.,.,.,.,0
2019,9,15,d,.,.,.,.,.,.,.,.,.,.,.,.,.,.,0
2019,9,16,d,.,.,.,.,.,.,.,.,.,.,.,.,.,.,0
2019,9,17,d,.,.,.,.,.,.,.,.,.,.,.,.,.,.,0
2019,9,18,d,.,.,.,.,.,.,.,.,.,.,.,.,.,.,0
2019,9,19,d,.,.,.,.,.,.,.,.,.,.,.,.,.,.,0
2019,9,20,d,.,.,.,.,.,.,.,.,.,.,.,.,.,.,0
2019,9,21,d,.,.,.,.,.,.,.,.,.,.,.,.,.,.,0
2019,9,22,d,.,.,.,.,.,.,.,.,.,.,.,.,.,.,0
2019,9,23,d,.,.,.,.,.,.,.,.,.,.,.,.,.,.,0
2019,9,24,d,.,.,.,.,.,.,.,.,.,.,.,.,.,.,0
2019,9,25,d,.,.,.,.,.,.,.,.,.,.,.,.,.,.,0
2019,9,26,d,.,.,.,.,.,.,.,.,.,.,.,.,.,.,0
2019,9,27,d,.,.,.,.,.,.,.,.,.,.,.,.,.,.,0
2019,9,28,d,.,.,.,.,.,.,.,.,.,.,.,.,.,.,0
2019,9,29,d,.,.,.,.,.,.,.,.,.,.,.,.,.,.,0
2019,9,30,d,.,.,.,.,.,.,.,.,.,.,.,.,.,.,0
2019,10,1,d,.,.,.,.,.,.,.,.,.,.,.,.,.,.,0
2019,10,2,d,.,.,.,.,.,.,.,.,.,.,.,.,.,.,0
2019,10,3,d,.,.,.,.,.,.,.,.,.,.,.,.,.,.,0
2019,10,4,d,.,.,.,.,.,.,.,.,.,.,.,.,.,.,0
2019,10,5,d,.,.,.,.,.,.,.,.,.,.,.,.,.,.,0
2019,10,6,d,.,.,.,.,.,.,.,.,.,.,.,.,.,.,0
2019,10,7,d,.,.,.,.,.,.,.,.,.,.,.,.,.,.,0
2019,10,8,d,.,.,.,.,.,.,.,.,.,.,.,.,.,.,0
2019,10,9,d,.,.,.,.,.,.,.,.,.,.,.,.,.,.,0
2019,10,10,d,.,.,.,.,.,.,.,.,.,.,.,.,.,.,0
2019,10,11,d,.,.,.,.,.,.,.,.,.,.,.,.,.,.,0
2019,10,12,d,.,.,.,.,.,.,.,.,.,.,.,.,.,.,0
2019,10,13,d,.,.,.,.,.,.,.,.,.,.,.,.,.,.,0
2019,10,14,d,.,.,.,.,.,.,.,.,.,.,.,.,.,.,0
2019,10,15,d,.,.,.,.,.,.,.,.,.,.,.,.,.,.,0
2019,10,16,d,.,.,.,.,.,.,.,.,.,.,.,.,.,.,0
2019,10,17,d,.,.,.,.,.,.,.,.,.,.,.,.,.,.,0
2019,10,18,d,.,.,.,.,.,.,.,.,.,.,.,.,.,.,0
2019,10,19,d,.,.,.,.,.,.,.,.,.,.,.,.,.,.,0
2019,10,20,d,.,.,.,.,.,.,.,.,.,.,.,.,.,.,0
2019,10,21,d,.,.,.,.,.,.,.,.,.,.,.,.,.,.,0
2019,10,22,d,.,.,.,.,.,.,.,.,.,.,.,.,.,.,0
2019,10,23,d,.,.,.,.,.,.,.,.,.,.,.,.,.,.,0
2019,10,24,d,.,.,.,.,.,.,.,.,.,.,.,.,.,.,0
2019,10,25,d,.,.,.,.,.,.,.,.,.,.,.,.,.,.,0
2019,10,26,d,.,.,.,.,.,.,.,.,.,.,.,.,.,.,0
2019,10,27,d,.,.,.,.,.,.,.,.,.,.,.,.,.,.,0
2019,10,28,d,.,.,.,.,.,.,.,.,.,.,.,.,.,.,0
2019,10,29,d,.,.,.,.,.,.,.,.,.,.,.,.,.,.,0
2019,10,30,d,.,.,.,.,.,.,.,.,.,.,.,.,.,.,0
2019,10,31,d,.,.,.,.,.,.,.,.,.,.,.,.,.,.,0
2019,11,1,d,.,.,.,.,.,.,.,.,.,.,.,.,.,.,0
2019,11,2,d,.,.,.,.,.,.,.,.,.,.,.,.,.,.,0
2019,11,3,d,.,.,.,.,.,.,.,.,.,.,.,.,.,.,0
2019,11,4,d,.,.,.,.,.,.,.,.,.,.,.,.,.,.,0
2019,11,5,d,.,.,.,.,.,.,.,.,.,.,.,.,.,.,0
2019,11,6,d,.,.,.,.,.,.,.,.,.,.,.,.,.,.,0
2019,11,7,d,.,.,.,.,.,.,.,.,.,.,.,.,.,.,0
2019,11,8,d,.,.,.,.,.,.,.,.,.,.,.,.,.,.,0
2019,11,9,d,.,.,.,.,.,.,.,.,.,.,.,.,.,.,0
2019,11,10,d,.,.,.,.,.,.,.,.,.,.,.,.,.,.,0
2019,11,11,d,.,.,.,.,.,.,.,.,.,.,.,.,.,.,0
2019,11,12,d,.,.,.,.,.,.,.,.,.,.,.,.,.,.,0
2019,11,13,d,.,.,.,.,.,.,.,.,.,.,.,.,.,.,0
2019,11,14,d,.,.,.,.,.,.,.,.,.,.,.,.,.,.,0
2019,11,15,d,.,.,.,.,.,.,.,.,.,.,.,.,.,.,0
2019,11,16,d,.,.,.,.,.,.,.,.,.,.,.,.,.,.,0
2019,11,17,d,.,.,.,.,.,.,.,.,.,.,.,.,.,.,0
2019,11,18,d,.,.,.,.,.,.,.,.,.,.,.,.,.,.,0
2019,11,19,d,.,.,.,.,.,.,.,.,.,.,.,.,.,.,0
2019,11,20,d,.,.,.,.,.,.,.,.,.,.,.,.,.,.,0
2019,11,21,d,.,.,.,.,.,.,.,.,.,.,.,.,.,.,0
2019,11,22,d,.,.,.,.,.,.,.,.,.,.,.,.,.,.,0
2019,11,23,d,.,.,.,.,.,.,.,.,.,.,.,.,.,.,0
2019,11,24,d,.,.,.,.,.,.,.,.,.,.,.,.,.,.,0
2019,11,25,d,.,.,.,.,.,.,.,.,.,.,.,.,.,.,0
2019,11,26,d,.,.,.,.,.,.,.,.,.,.,.,.,.,.,0
2019,11,27,d,.,.,.,.,.,.,.,.,.,.,.,.,.,.,0
2019,11,28,d,.,.,.,.,.,.,.,.,.,.,.,.,.,.,0
2019,11,29,d,.,.,.,.,.,.,.,.,.,.,.,.,.,.,0
2019,11,30,d,.,.,.,.,.,.,.,.,.,.,.,.,.,.,0
2019,12,1,d,.,.,.,.,.,.,.,.,.,.,.,.,.,.,0
2019,12,2,d,.,.,.,.,.,.,.,.,.,.,.,.,.,.,0
2019,12,3,d,.,.,.,.,.,.,.,.,.,.,.,.,.,.,0
2019,12,4,d,.,.,.,.,.,.,.,.,.,.,.,.,.,.,0
2019,12,5,d,.,.,.,.,.,.,.,.,.,.,.,.,.,.,0
2019,12,6,d,.,.,.,.,.,.,.,.,.,.,.,.,.,.,0
2019,12,7,d,.,.,.,.,.,.,.,.,.,.,.,.,.,.,0
2019,12,8,d,.,.,.,.,.,.,.,.,.,.,.,.,.,.,0
2019,12,9,d,.,.,.,.,.,.,.,.,.,.,.,.,.,.,0
2019,12,10,d,.,.,.,.,.,.,.,.,.,.,.,.,.,.,0
2019,12,11,d,.,.,.,.,.,.,.,.,.,.,.,.,.,.,0
2019,12,12,d,.,.,.,.,.,.,.,.,.,.,.,.,.,.,0
2019,12,13,d,.,.,.,.,.,.,.,.,.,.,.,.,.,.,0
2019,12,14,d,.,.,.,.,.,.,.,.,.,.,.,.,.,.,0
2019,12,15,d,.,.,.,.,.,.,.,.,.,.,.,.,.,.,0
2019,12,16,d,.,.,.,.,.,.,.,.,.,.,.,.,.,.,0
2019,12,17,d,.,.,.,.,.,.,.,.,.,.,.,.,.,.,0
2019,12,18,d,.,.,.,.,.,.,.,.,.,.,.,.,.,.,0
2019,12,19,d,.,.,.,.,.,.,.,.,.,.,.,.,.,.,0
2019,12,20,d,.,.,.,.,.,.,.,.,.,.,.,.,.,.,0
2019,12,21,d,.,.,.,.,.,.,.,.,.,.,.,.,.,.,0
2019,12,22,d,.,.,.,.,.,.,.,.,.,.,.,.,.,.,0
2019,12,23,d,.,.,.,.,.,.,.,.,.,.,.,.,.,.,0
2019,12,24,d,.,.,.,.,.,.,.,.,.,.,.,.,.,.,0
2019,12,25,d,.,.,.,.,.,.,.,.,.,.,.,.,.,.,0
2019,12,26,d,.,.,.,.,.,.,.,.,.,.,.,.,.,.,0
2019,12,27,d,.,.,.,.,.,.,.,.,.,.,.,.,.,.,0
2019,12,28,d,.,.,.,.,.,.,.,.,.,.,.,.,.,.,0
2019,12,29,d,.,.,.,.,.,.,.,.,.,.,.,.,.,.,0
2019,12,30,d,.,.,.,.,.,.,.,.,.,.,.,.,.,.,0
2019,12,31,d,.,.,.,.,.,.,.,.,.,.,.,.,.,.,0
2020,1,1,d,.,.,.,.,.,.,.,.,.,.,.,.,.,.,0
2020,1,2,d,.,.,.,.,.,.,.,.,.,.,.,.,.,.,0
2020,1,3,d,.,.,.,.,.,.,.,.,.,.,.,.,.,.,0
2020,1,4,d,.,.,.,.,.,.,.,.,.,.,.,.,.,.,0
2020,1,5,d,.,.,.,.,.,.,.,.,.,.,.,.,.,.,0
2020,1,6,d,.,.,.,.,.,.,.,.,.,.,.,.,.,.,0
2020,1,7,d,.,.,.,.,.,.,.,.,.,.,.,.,.,.,0
2020,1,8,d,.,.,.,.,.,.,.,.,.,.,.,.,.,.,0
2020,1,9,d,.,.,.,.,.,.,.,.,.,.,.,.,.,.,0
2020,1,10,d,.,.,.,.,.,.,.,.,.,.,.,.,.,.,0
2020,1,11,d,.,.,.,.,.,.,.,.,.,.,.,.,.,.,0
2020,1,12,d,.,.,.,.,.,.,.,.,.,.,.,.,.,.,0
2020,1,13,d,-.00441,-.0291,-.0029,-.000565,.0123,-.0268,.009,-.000363,-.00253,-.00527,-.0048,-.00565,.00173,.00534,0
2020,1,14,d,-.00216,-.048,-.000677,-.00191,.0131,-.017,-.000683,.00223,-.000874,-.00331,-.00397,-.00277,.00106,.00522,0
2020,1,15,d,-.000705,.0309,.0151,.000934,.0164,.0183,.0084,.0173,.0166,.0132,.0135,.013,.00633,.00988,0
2020,1,16,d,.0033,.0383,.0224,.0023,.021,.0211,.0165,.0219,.0275,.0216,.0233,.0202,.0088,.0131,0
2020,1,17,d,-.00367,.0291,.00375,-.0143,-.0102,.0121,.0158,.00714,.00707,.000576,.00109,.000144,-.00866,-.00912,0
2020,1,18,d,-.00475,.0489,.0045,-.017,-.0197,.0143,.0131,.0071,.0118,.000495,.00205,-.000794,-.0104,-.0136,0
2020,1,19,d,.00375,.0538,.0111,-.0137,-.0166,.0164,.0127,.011,.0202,.0086,.0105,.00702,-.00743,-.0104,0
2020,1,20,d,.0088,.052,.0241,-.00548,.00755,.0354,.0339,.0234,.0327,.0224,.0239,.0212,.00392,.0054,0
2020,1,21,d,-.000203,.0456,.0111,-.0138,-.00707,.0249,.0162,.0118,.0177,.0092,.0121,.0068,-.00609,-.00623,0
2020,1,22,d,-.0112,-.0268,-.00174,-.0203,-.0217,.00833,.0115,-.00197,.00306,-.00306,-.00189,-.004,-.0126,-.0156,0
2020,1,23,d,-.0114,-.022,-.0122,-.0205,-.0311,-.000587,.00369,-.0107,-.0121,-.0132,-.0137,-.0128,-.0156,-.0208,0
2020,1,24,d,.00455,-.00365,.00781,-.000828,-.000796,.0122,.006,.00576,.0107,.00889,.0104,.00767,.00273,.00163,0
2020,1,25,d,.0146,.00504,.0143,.0141,.0176,.00869,.0107,.0108,.0142,.0173,.0178,.0169,.0099,.0125,0
2020,1,26,d,-.000414,-.00526,.00521,.00339,.00922,.00433,.0085,.00625,.00235,.00559,.0051,.006,.00241,.00468,0
2020,1,27,d,-.00705,.000695,-.00824,-.00784,-.0248,.00605,-.0121,-.00716,-.0123,-.0077,-.00758,-.00778,-.00639,-.0127,0
2020,1,28,d,-.006,-.000382,-.0111,-.00587,-.0327,.00897,-.00795,-.011,-.0143,-.0104,-.0115,-.00958,-.00138,-.0122,0
2020,1,29,d,.0151,.00764,-.0104,.00868,-.0168,-.00408,-.0147,-.0127,-.0114,-.00813,-.00827,-.008,.00161,-.00471,0
2020,1,30,d,.0199,-.000585,.000728,.0198,.00188,.00828,-.0144,-.00345,.00152,.00418,.00421,.00416,.0104,.00754,0
2020,1,31,d,.0177,.00553,.00508,.0267,.0133,.00196,-.01,.000586,.0068,.00856,.00762,.00932,.013,.0131,0
2020,2,1,d,.0139,-.0161,-.000726,.0258,.0192,-.00463,-.012,-.00248,-.00324,.00145,-.000181,.00281,.0144,.016,0
2020,2,2,d,.00322,-.0339,-.0138,.0106,.000474,-.00703,-.0296,-.016,-.0198,-.0108,-.0133,-.00869,.00463,.00311,0
2020,2,3,d,.00638,-.0029,-.00564,.0126,-.00899,-.0154,-.00973,-.00682,-.00909,-.00389,-.00697,-.00136,.00228,-.00188,0
2020,2,4,d,.00526,.00682,.00222,.0144,.00712,-.0196,-.00767,.000232,-.000544,.00445,.00145,.00691,.00273,.00406,0
2020,2,5,d,-.00581,-.0141,.00281,-.00471,.0136,-.0179,-.0177,.00364,-.00178,.00271,-.00198,.00654,-.00192,.00325,0
2020,2,6,d,-.0199,-.00345,-.00597,-.0247,-.0044,-.0203,-.0289,-.00218,-.00946,-.009,-.0132,-.00556,-.0141,-.0111,0
2020,2,7,d,-.0321,.019,-.00634,-.0226,-.0129,-.0116,-.0345,-.000652,-.0136,-.00991,-.0139,-.00664,-.0147,-.0145,0
2020,2,8,d,-.028,.0397,.00196,-.0167,-.00863,-.00291,-.0357,.00728,-.00428,-.00102,-.00325,.000778,-.00982,-.00981,0
2020,2,9,d,-.0198,.0577,.0126,-.014,.0124,.00357,-.0243,.0181,.0107,.00893,.00777,.00985,-.00701,-.000631,0
2020,2,10,d,-.0271,.0234,.00346,-.018,.0299,.0201,-.0457,.00583,.00101,.00196,.0018,.00205,-.00318,.0079,0
2020,2,11,d,-.0321,.0142,-.00338,-.0162,.0207,-.00164,-.0468,-.000774,-.00724,-.00458,-.00442,-.00474,-.00866,.00116,0
2020,2,12,d,-.0264,.0488,.00376,.00155,.0271,.0179,-.034,.00664,-.00178,.00338,.00467,.00228,.00235,.0106,0
2020,2,13,d,-.0233,.0517,.00621,.00638,.0265,.0141,-.029,.00903,-.00156,.00653,.00834,.005,.00486,.0121,0
2020,2,14,d,-.0286,.0362,.00243,.00112,.0193,.0107,-.0267,.00406,-.0054,.00344,.00465,.00241,.00308,.00844,0
2020,2,15,d,-.0274,.0325,-.00323,-.0109,.011,.00405,-.0293,-.00234,-.00896,-.00255,-.00231,-.00279,.000458,.00392,0
2020,2,16,d,-.0164,.0249,-.00131,-.00698,.0129,.00195,-.0302,.000449,-.0101,-.000317,.000686,-.00119,.00723,.00913,0
2020,2,17,d,-.0218,.0299,.00536,-.00617,.0247,-.00213,-.0322,.0103,-.00749,.00543,.00391,.00666,.00766,.0135,0
2020,2,18,d,-.0248,.0295,.000777,-.0131,.00981,-.0124,-.0377,.00627,-.00978,-.000322,.0000848,-.000657,.00155,.0044,0
2020,2,19,d,-.0302,.0312,-.00076,-.0244,-.00902,-.0214,-.0443,.00478,-.0107,-.00243,-.00185,-.00288,-.00576,-.00682,0
2020,2,20,d,-.0205,.0202,.00157,-.0125,.00277,-.00916,-.045,.00819,-.0119,.000752,-.00134,.00251,.0051,.00444,0
2020,2,21,d,-.00444,-.00459,.00116,-.0158,.00735,-.00679,-.0509,.0092,-.0128,-.000527,-.00385,.00226,.00397,.00528,0
2020,2,22,d,-.0102,-.0161,-.00078,-.0147,-.004,-.0042,-.0543,.0114,-.0232,-.00262,-.00796,.00185,-.000389,-.00145,0
2020,2,23,d,-.0162,-.013,-.000481,-.0121,-.00476,.00053,-.0532,.0133,-.0279,-.00156,-.00835,.00413,.000092,-.00142,0
2020,2,24,d,-.0102,-.0262,-.00527,-.0153,-.0143,-.0148,-.0652,.00951,-.0377,-.00548,-.0124,.000284,-.000376,-.0051,0
2020,2,25,d,-.0227,-.0324,-.0112,-.0163,-.00778,.000153,-.0786,.00183,-.0426,-.0107,-.019,-.00386,.000964,-.00206,0
2020,2,26,d,-.0127,-.0547,-.0123,-.0142,.0128,.0000816,-.0867,-.00486,-.0329,-.0112,-.0184,-.00514,.00176,.00534,0
2020,2,27,d,-.0209,-.0816,-.0187,-.018,.00991,-.0176,-.102,-.0122,-.0391,-.0173,-.0243,-.0114,-.00584,-.000769,0
2020,2,28,d,-.03,-.108,-.0311,-.0232,.0154,-.0339,-.123,-.0257,-.0502,-.0295,-.0353,-.0247,-.0088,-.000992,0
2020,2,29,d,-.0318,-.0765,-.014,-.00753,.0395,-.032,-.121,-.012,-.0257,-.0123,-.0169,-.00851,.00699,.0175,0
2020,3,1,d,-.0324,-.133,-.031,-.0093,.0525,-.0388,-.142,-.0317,-.0419,-.0282,-.0317,-.0254,-.00081,.0165,0
2020,3,2,d,-.0336,-.0926,-.0176,-.0136,.0734,-.019,-.148,-.0156,-.0275,-.0171,-.0209,-.014,.000623,.0242,0
2020,3,3,d,-.0364,-.0834,-.0106,-.0133,.0927,-.0511,-.141,-.0108,-.0127,-.0106,-.0143,-.00761,.00283,.032,0
2020,3,4,d,-.042,-.0845,-.0155,-.0163,.101,-.0527,-.152,-.0121,-.0231,-.0162,-.0203,-.0129,.0032,.0347,0
2020,3,5,d,-.0489,-.0904,-.0176,-.0254,.109,-.0445,-.159,-.0091,-.0312,-.0197,-.0244,-.0159,.00272,.037,0
2020,3,6,d,-.0538,-.0948,-.0171,-.0261,.121,-.0359,-.158,-.0112,-.0261,-.0192,-.0228,-.0162,.00166,.04,0
2020,3,7,d,-.057,-.0871,-.00685,-.0256,.133,-.0199,-.158,-.00455,-.0106,-.00831,-.0112,-.006,.006,.0465,0
2020,3,8,d,-.0626,-.0715,.00904,-.0254,.142,-.013,-.159,.00737,.0168,.007,.0054,.00819,.0134,.0542,0
2020,3,9,d,-.0624,-.114,-.00389,-.024,.152,-.0298,-.174,-.0115,.0102,-.00391,-.00467,-.00343,.0111,.0552,0
2020,3,10,d,-.0661,-.138,-.0131,-.0269,.167,.00216,-.199,-.0206,-.00473,-.012,-.0124,-.0118,.0101,.0586,0
2020,3,11,d,-.0729,-.161,-.0153,-.0336,.198,-.0151,-.21,-.0214,-.0112,-.0136,-.0147,-.0129,.0034,.0632,0
2020,3,12,d,-.0836,-.192,-.0047,-.0374,.313,-.0251,-.219,-.00984,-.00265,-.00252,-.0047,-.000846,.00514,.101,0
2020,3,13,d,-.104,-.236,.00748,-.0455,.458,-.044,-.236,.00184,.0104,.0101,.00815,.0115,.0109,.152,0
2020,3,14,d,-.144,-.291,-.00097,-.0819,.512,-.0513,-.259,-.00832,.002,.00249,.00178,.0029,.000399,.162,0
2020,3,15,d,-.186,-.33,-.0186,-.112,.535,-.0653,-.285,-.0276,-.0163,-.0141,-.013,-.0151,-.0103,.161,0
2020,3,16,d,-.218,-.364,-.011,-.132,.637,-.0903,-.306,-.0203,-.0074,-.00639,-.00488,-.00782,-.00291,.199,0
2020,3,17,d,-.256,-.396,-.0183,-.165,.691,-.182,-.342,-.0308,-.0113,-.0127,-.0104,-.0149,-.00681,.215,0
2020,3,18,d,-.305,-.434,-.0364,-.207,.705,-.225,-.383,-.0543,-.0238,-.0292,-.0247,-.0332,-.0156,.213,0
2020,3,19,d,-.357,-.463,-.0661,-.257,.644,-.278,-.427,-.0913,-.0461,-.0568,-.0502,-.0625,-.0333,.18,0
2020,3,20,d,-.421,-.497,-.104,-.314,.565,-.312,-.469,-.134,-.0806,-.0924,-.084,-.0997,-.0565,.138,0
2020,3,21,d,-.493,-.543,-.138,-.379,.521,-.32,-.5,-.171,-.109,-.126,-.116,-.134,-.0877,.102,0
2020,3,22,d,-.554,-.577,-.159,-.419,.479,-.318,-.533,-.197,-.125,-.146,-.136,-.156,-.108,.0745,0
2020,3,23,d,-.593,-.609,-.202,-.453,.373,-.389,-.574,-.243,-.162,-.188,-.175,-.199,-.137,.0203,0
2020,3,24,d,-.612,-.638,-.23,-.47,.305,-.423,-.597,-.271,-.19,-.216,-.203,-.227,-.159,-.0151,0
2020,3,25,d,-.626,-.661,-.25,-.484,.256,-.463,-.619,-.289,-.21,-.238,-.226,-.249,-.176,-.0427,0
2020,3,26,d,-.64,-.681,-.27,-.496,.205,-.501,-.64,-.308,-.23,-.258,-.246,-.268,-.192,-.0685,0
2020,3,27,d,-.65,-.701,-.295,-.508,.135,-.524,-.66,-.332,-.254,-.283,-.272,-.292,-.21,-.104,0
2020,3,28,d,-.658,-.715,-.312,-.518,.0957,-.537,-.677,-.35,-.273,-.3,-.289,-.31,-.23,-.129,0
2020,3,29,d,-.664,-.727,-.324,-.524,.0767,-.548,-.687,-.361,-.287,-.312,-.302,-.322,-.237,-.139,0
2020,3,30,d,-.665,-.726,-.325,-.519,.0745,-.554,-.691,-.36,-.29,-.313,-.303,-.322,-.239,-.141,0
2020,3,31,d,-.664,-.726,-.314,-.511,.0834,-.561,-.693,-.351,-.275,-.302,-.292,-.312,-.231,-.133,0
2020,4,1,d,-.663,-.698,-.307,-.503,.101,-.548,-.675,-.347,-.263,-.293,-.282,-.302,-.226,-.124,0
2020,4,2,d,-.663,-.698,-.303,-.494,.122,-.541,-.671,-.346,-.255,-.29,-.277,-.301,-.22,-.114,0
2020,4,3,d,-.661,-.71,-.299,-.486,.133,-.541,-.668,-.342,-.249,-.286,-.272,-.299,-.217,-.108,0
2020,4,4,d,-.658,-.713,-.294,-.478,.142,-.542,-.674,-.337,-.244,-.282,-.268,-.294,-.213,-.102,0
2020,4,5,d,-.657,-.715,-.288,-.471,.151,-.54,-.678,-.331,-.235,-.277,-.263,-.288,-.21,-.0975,0
2020,4,6,d,-.656,-.71,-.284,-.464,.154,-.529,-.68,-.33,-.228,-.272,-.259,-.284,-.203,-.0923,0
2020,4,7,d,-.656,-.706,-.291,-.458,.153,-.545,-.684,-.335,-.235,-.279,-.265,-.29,-.204,-.0931,0
2020,4,8,d,-.652,-.737,-.296,-.452,.147,-.561,-.705,-.339,-.246,-.285,-.27,-.297,-.203,-.0941,0
2020,4,9,d,-.646,-.739,-.297,-.448,.142,-.571,-.715,-.338,-.249,-.286,-.273,-.296,-.201,-.0944,0
2020,4,10,d,-.642,-.726,-.298,-.443,.158,-.574,-.724,-.337,-.252,-.286,-.275,-.295,-.197,-.087,0
2020,4,11,d,-.637,-.719,-.295,-.44,.177,-.57,-.721,-.334,-.25,-.283,-.272,-.292,-.192,-.0773,0
2020,4,12,d,-.645,-.721,-.316,-.459,.104,-.57,-.727,-.354,-.271,-.305,-.294,-.314,-.213,-.115,0
2020,4,13,d,-.646,-.729,-.32,-.466,.0832,-.574,-.731,-.361,-.272,-.309,-.297,-.32,-.212,-.12,0
2020,4,14,d,-.632,-.716,-.295,-.448,.133,-.536,-.721,-.348,-.23,-.279,-.263,-.292,-.181,-.0829,0
2020,4,15,d,-.622,-.687,-.276,-.426,.148,-.513,-.717,-.342,-.193,-.258,-.238,-.275,-.156,-.0608,0
2020,4,16,d,-.618,-.683,-.265,-.406,.142,-.496,-.713,-.339,-.169,-.244,-.22,-.265,-.136,-.0488,0
2020,4,17,d,-.614,-.694,-.258,-.401,.107,-.488,-.711,-.338,-.154,-.236,-.208,-.26,-.117,-.0459,0
2020,4,18,d,-.611,-.708,-.253,-.397,.0673,-.491,-.711,-.336,-.143,-.231,-.202,-.256,-.0998,-.0463,0
2020,4,19,d,-.594,-.704,-.225,-.386,.0924,-.485,-.698,-.313,-.11,-.202,-.171,-.228,-.0687,-.0156,0
2020,4,20,d,-.582,-.689,-.215,-.379,.0655,-.467,-.69,-.303,-.103,-.191,-.16,-.217,-.0578,-.0171,0
2020,4,21,d,-.581,-.694,-.204,-.337,.0967,-.48,-.692,-.285,-.102,-.182,-.153,-.207,-.0228,.0156,0
2020,4,22,d,-.584,-.721,-.212,-.349,.0861,-.492,-.692,-.285,-.121,-.192,-.166,-.214,-.0318,.00562,0
2020,4,23,d,-.587,-.749,-.227,-.378,.0603,-.521,-.696,-.293,-.144,-.21,-.187,-.23,-.0599,-.0222,0
2020,4,24,d,-.589,-.737,-.227,-.377,.0753,-.517,-.695,-.292,-.147,-.209,-.188,-.227,-.0646,-.0208,0
2020,4,25,d,-.583,-.728,-.225,-.376,.101,-.515,-.691,-.29,-.146,-.206,-.186,-.224,-.0653,-.0135,0
2020,4,26,d,-.582,-.734,-.225,-.361,.157,-.518,-.693,-.289,-.15,-.206,-.186,-.222,-.0605,.00655,0
2020,4,27,d,-.584,-.739,-.219,-.342,.223,-.532,-.695,-.284,-.142,-.199,-.182,-.215,-.049,.0343,0
2020,4,28,d,-.593,-.747,-.235,-.384,.147,-.522,-.697,-.299,-.155,-.218,-.2,-.234,-.0835,-.0122,0
2020,4,29,d,-.589,-.738,-.226,-.373,.158,-.522,-.696,-.291,-.145,-.208,-.19,-.224,-.0699,.000635,0
2020,4,30,d,-.579,-.717,-.207,-.343,.196,-.49,-.687,-.274,-.124,-.187,-.17,-.202,-.0361,.036,0
2020,5,1,d,-.567,-.708,-.196,-.33,.202,-.477,-.668,-.265,-.11,-.176,-.157,-.192,-.0205,.0486,0
2020,5,2,d,-.558,-.698,-.19,-.317,.198,-.48,-.659,-.258,-.106,-.171,-.152,-.187,-.00651,.0571,0
2020,5,3,d,-.55,-.69,-.184,-.312,.196,-.482,-.651,-.251,-.102,-.164,-.146,-.18,.00182,.0624,0
2020,5,4,d,-.545,-.683,-.173,-.305,.193,-.459,-.644,-.24,-.0905,-.154,-.135,-.17,.0131,.0691,0
2020,5,5,d,-.538,-.671,-.169,-.299,.188,-.42,-.641,-.236,-.0868,-.148,-.129,-.165,.0198,.0721,0
2020,5,6,d,-.539,-.657,-.167,-.296,.175,-.405,-.635,-.234,-.088,-.147,-.128,-.164,.0239,.0708,0
2020,5,7,d,-.541,-.65,-.163,-.289,.166,-.393,-.633,-.227,-.0861,-.143,-.124,-.159,.0291,.0716,0
2020,5,8,d,-.537,-.635,-.16,-.287,.17,-.394,-.642,-.223,-.0875,-.14,-.122,-.156,.0323,.0751,0
2020,5,9,d,-.531,-.631,-.149,-.273,.199,-.394,-.645,-.213,-.0718,-.13,-.112,-.146,.0409,.0906,0
2020,5,10,d,-.511,-.636,-.155,-.278,.177,-.396,-.642,-.22,-.0727,-.137,-.118,-.152,.0264,.0737,0
2020,5,11,d,-.505,-.643,-.171,-.29,.123,-.389,-.641,-.235,-.0917,-.152,-.134,-.168,.00636,.043,0
2020,5,12,d,-.522,-.632,-.174,-.282,.119,-.373,-.637,-.237,-.0967,-.156,-.138,-.171,.0138,.0469,0
2020,5,13,d,-.515,-.635,-.168,-.273,.129,-.355,-.632,-.23,-.09,-.15,-.133,-.165,.0224,.0559,0
2020,5,14,d,-.502,-.622,-.166,-.269,.127,-.347,-.633,-.229,-.0866,-.149,-.131,-.163,.029,.0599,0
2020,5,15,d,-.492,-.629,-.164,-.261,.119,-.332,-.629,-.225,-.0863,-.149,-.133,-.162,.034,.0607,0
2020,5,16,d,-.482,-.613,-.166,-.253,.0965,-.324,-.627,-.226,-.0899,-.151,-.134,-.165,.0346,.0538,0
2020,5,17,d,-.487,-.599,-.156,-.232,.125,-.317,-.632,-.216,-.0803,-.14,-.123,-.155,.0554,.0772,0
2020,5,18,d,-.485,-.596,-.14,-.205,.179,-.294,-.631,-.198,-.0616,-.124,-.107,-.139,.0815,.112,0
2020,5,19,d,-.461,-.606,-.136,-.207,.169,-.273,-.63,-.194,-.0603,-.12,-.106,-.133,.0799,.108,0
2020,5,20,d,-.456,-.598,-.135,-.201,.159,-.259,-.625,-.192,-.0619,-.119,-.106,-.131,.0764,.102,0
2020,5,21,d,-.453,-.592,-.13,-.194,.164,-.255,-.607,-.187,-.0556,-.114,-.0996,-.126,.0704,.0998,0
2020,5,22,d,-.45,-.568,-.123,-.186,.17,-.247,-.599,-.181,-.0483,-.107,-.0918,-.12,.0747,.105,0
2020,5,23,d,-.453,-.583,-.125,-.186,.154,-.247,-.595,-.183,-.0501,-.108,-.0944,-.12,.0753,.1,0
2020,5,24,d,-.451,-.576,-.129,-.188,.123,-.243,-.595,-.186,-.055,-.112,-.0985,-.124,.0693,.0862,0
2020,5,25,d,-.446,-.598,-.135,-.214,.101,-.225,-.585,-.195,-.0581,-.118,-.103,-.13,.0394,.0591,0
2020,5,26,d,-.442,-.616,-.136,-.198,.11,-.205,-.589,-.193,-.0649,-.12,-.104,-.133,.052,.0705,0
2020,5,27,d,-.444,-.614,-.13,-.187,.0963,-.146,-.588,-.188,-.0579,-.113,-.0958,-.127,.0672,.0764,0
2020,5,28,d,-.446,-.612,-.132,-.181,.077,-.146,-.594,-.191,-.0568,-.115,-.0985,-.129,.0726,.0739,0
2020,5,29,d,-.439,-.607,-.143,-.186,.0584,-.224,-.591,-.203,-.0635,-.126,-.108,-.141,.0556,.0565,0
2020,5,30,d,-.426,-.592,-.144,-.188,.0556,-.225,-.587,-.204,-.0649,-.128,-.109,-.144,.0526,.0536,0
2020,5,31,d,-.416,-.598,-.147,-.188,.0712,-.233,-.582,-.205,-.0706,-.132,-.114,-.147,.0532,.059,0
2020,6,1,d,-.407,-.569,-.128,-.185,.0867,-.221,-.56,-.184,-.0529,-.113,-.0962,-.128,.0638,.0712,0
2020,6,2,d,-.402,-.513,-.117,-.178,.0735,-.236,-.552,-.174,-.0375,-.102,-.0849,-.117,.0752,.0748,0
2020,6,3,d,-.4,-.528,-.13,-.195,.0685,-.286,-.55,-.185,-.0525,-.116,-.0988,-.131,.0597,.0626,0
2020,6,4,d,-.392,-.525,-.127,-.205,.0801,-.26,-.54,-.181,-.0535,-.114,-.0977,-.128,.0559,.0638,0
2020,6,5,d,-.394,-.523,-.114,-.198,.0893,-.179,-.538,-.169,-.0415,-.0998,-.0849,-.113,.0702,.0765,0
2020,6,6,d,-.393,-.505,-.105,-.188,.0979,-.179,-.533,-.16,-.0335,-.0908,-.0771,-.102,.0775,.0842,0
2020,6,7,d,-.392,-.481,-.0924,-.173,.104,-.176,-.525,-.149,-.0162,-.0778,-.0642,-.0894,.0875,.0929,0
2020,6,8,d,-.391,-.488,-.0963,-.156,.101,-.177,-.529,-.154,-.0214,-.0812,-.0678,-.0927,.0956,.0973,0
2020,6,9,d,-.391,-.52,-.103,-.143,.105,-.175,-.53,-.16,-.0305,-.0882,-.0763,-.0984,.0947,.0983,0
2020,6,10,d,-.386,-.499,-.0967,-.133,.105,-.172,-.528,-.153,-.0226,-.0824,-.072,-.0914,.0978,.1,0
2020,6,11,d,-.385,-.502,-.0943,-.127,.098,-.173,-.527,-.148,-.0209,-.0809,-.069,-.091,.0986,.0986,0
2020,6,12,d,-.381,-.508,-.0954,-.123,.0908,-.168,-.515,-.146,-.024,-.0833,-.0717,-.0932,.0963,.0949,0
2020,6,13,d,-.378,-.523,-.0975,-.118,.0784,-.164,-.507,-.146,-.0298,-.0863,-.075,-.0959,.0951,.09,0
2020,6,14,d,-.371,-.54,-.103,-.117,.0661,-.166,-.505,-.15,-.0399,-.0913,-.0801,-.101,.09,.0827,0
2020,6,15,d,-.367,-.522,-.104,-.12,.0531,-.156,-.504,-.148,-.0419,-.0934,-.0823,-.103,.0841,.0743,0
2020,6,16,d,-.373,-.488,-.0911,-.106,.0652,-.142,-.497,-.135,-.0337,-.0809,-.0703,-.0899,.101,.0897,0
2020,6,17,d,-.371,-.485,-.084,-.0927,.0794,-.136,-.491,-.128,-.0255,-.0736,-.0626,-.0829,.115,.103,0
2020,6,18,d,-.363,-.484,-.0772,-.0789,.0941,-.127,-.482,-.122,-.0176,-.0666,-.0571,-.0746,.132,.12,0
2020,6,19,d,-.356,-.466,-.0698,-.0659,.11,-.132,-.486,-.114,-.0112,-.0591,-.0512,-.066,.146,.135,0
2020,6,20,d,-.349,-.458,-.0611,-.0441,.142,-.133,-.487,-.107,-.000682,-.0497,-.0413,-.0569,.159,.153,0
2020,6,21,d,-.336,-.45,-.0566,-.0347,.147,-.132,-.487,-.103,.00585,-.0456,-.0374,-.0526,.162,.157,0
2020,6,22,d,-.335,-.461,-.058,-.0264,.152,-.142,-.49,-.104,.00429,-.0469,-.0396,-.0532,.166,.162,0
2020,6,23,d,-.33,-.489,-.0686,-.0393,.138,-.146,-.486,-.115,-.00523,-.058,-.0505,-.0645,.152,.148,0
2020,6,24,d,-.335,-.505,-.0785,-.0497,.122,-.158,-.49,-.123,-.0171,-.0686,-.0612,-.0749,.135,.131,0
2020,6,25,d,-.341,-.506,-.0926,-.065,.0992,-.181,-.503,-.136,-.0353,-.0828,-.075,-.0894,.108,.106,0
2020,6,26,d,-.346,-.524,-.103,-.0728,.0792,-.178,-.498,-.144,-.0501,-.0925,-.085,-.0989,.0932,.0891,0
2020,6,27,d,-.35,-.516,-.111,-.078,.0507,-.175,-.497,-.15,-.062,-.102,-.0964,-.107,.0847,.074,0
2020,6,28,d,-.358,-.516,-.118,-.0761,.0465,-.176,-.498,-.154,-.0707,-.109,-.104,-.114,.0832,.0716,0
2020,6,29,d,-.359,-.519,-.114,-.0718,.0549,-.158,-.497,-.152,-.0671,-.105,-.0988,-.111,.0865,.0764,0
2020,6,30,d,-.358,-.521,-.101,-.0678,.0637,-.139,-.508,-.137,-.052,-.0933,-.087,-.0986,.0929,.0835,0
2020,7,1,d,-.359,-.507,-.0933,-.0654,.0673,-.109,-.493,-.129,-.0438,-.0854,-.0785,-.0912,.101,.0896,0
2020,7,2,d,-.357,-.508,-.0798,-.0552,.0807,-.0676,-.48,-.117,-.027,-.0727,-.0656,-.0788,.116,.104,0
2020,7,3,d,-.372,-.524,-.0921,-.0536,.064,-.0943,-.487,-.127,-.0395,-.087,-.0803,-.0928,.11,.094,0
2020,7,4,d,-.387,-.539,-.0645,-.0779,.0388,.0791,-.478,-.102,-.0105,-.0589,-.0506,-.0661,.117,.0905,0
2020,7,5,d,-.37,-.526,-.0595,-.0674,.0676,.021,-.471,-.0978,-.00444,-.0528,-.0445,-.0599,.124,.105,0
2020,7,6,d,-.36,-.506,-.0564,-.0475,.103,.0128,-.469,-.0928,-.00177,-.0507,-.0433,-.0572,.138,.126,0
2020,7,7,d,-.358,-.502,-.0594,-.0404,.111,-.0123,-.466,-.0974,-.00173,-.0528,-.0456,-.0589,.139,.129,0
2020,7,8,d,-.356,-.512,-.0674,-.0428,.1,-.0491,-.482,-.104,-.0115,-.0617,-.0554,-.0673,.131,.121,0
2020,7,9,d,-.355,-.51,-.0752,-.0507,.0876,-.0895,-.49,-.109,-.0239,-.0701,-.0648,-.0747,.124,.112,0
2020,7,10,d,-.349,-.495,-.0758,-.0509,.0827,-.104,-.498,-.109,-.0227,-.0715,-.0655,-.0767,.121,.109,0
2020,7,11,d,-.345,-.508,-.0772,-.0548,.082,-.125,-.5,-.11,-.025,-.0735,-.0673,-.0789,.119,.107,0
2020,7,12,d,-.34,-.502,-.0714,-.0568,.089,-.142,-.5,-.105,-.0196,-.0673,-.0603,-.0733,.125,.114,0
2020,7,13,d,-.346,-.521,-.0797,-.0613,.0711,-.188,-.51,-.111,-.0299,-.0764,-.0711,-.081,.116,.101,0
2020,7,14,d,-.347,-.532,-.0822,-.08,.0597,-.18,-.516,-.112,-.0403,-.0789,-.073,-.0839,.111,.0944,0
2020,7,15,d,-.344,-.527,-.0721,-.0801,.0736,-.169,-.515,-.0997,-.0321,-.0692,-.0638,-.0739,.106,.0951,0
2020,7,16,d,-.345,-.53,-.0689,-.0807,.0874,-.147,-.516,-.0968,-.028,-.066,-.0606,-.0706,.0926,.0908,0
2020,7,17,d,-.346,-.548,-.0693,-.0833,.0996,-.142,-.515,-.0977,-.026,-.0664,-.0616,-.0705,.0856,.0899,0
2020,7,18,d,-.345,-.55,-.0724,-.0909,.103,-.133,-.514,-.103,-.0243,-.0689,-.0632,-.0737,.0733,.0824,0
2020,7,19,d,-.344,-.554,-.0731,-.0933,.109,-.124,-.513,-.105,-.023,-.0691,-.0632,-.0742,.0649,.0785,0
2020,7,20,d,-.345,-.561,-.0735,-.0974,.11,-.121,-.512,-.105,-.0251,-.0698,-.0632,-.0754,.0699,.0824,0
2020,7,21,d,-.344,-.558,-.0777,-.0904,.112,-.129,-.513,-.109,-.0266,-.0746,-.0686,-.0798,.0684,.0822,0
2020,7,22,d,-.343,-.554,-.0818,-.0858,.109,-.114,-.511,-.118,-.0234,-.077,-.0699,-.083,.0763,.0867,0
2020,7,23,d,-.342,-.549,-.0794,-.0871,.106,-.111,-.509,-.118,-.0192,-.0733,-.0646,-.0807,.0927,.0973,0
2020,7,24,d,-.338,-.531,-.0722,-.0861,.108,-.11,-.504,-.11,-.0146,-.0657,-.0565,-.0735,.106,.107,0
2020,7,25,d,-.336,-.521,-.07,-.0872,.105,-.115,-.502,-.107,-.0164,-.0637,-.0557,-.0705,.114,.111,0
2020,7,26,d,-.334,-.519,-.0692,-.0913,.1,-.12,-.501,-.104,-.0196,-.0633,-.0567,-.0689,.118,.112,0
2020,7,27,d,-.331,-.513,-.072,-.0963,.0961,-.119,-.503,-.106,-.0238,-.0655,-.0587,-.0713,.109,.105,0
2020,7,28,d,-.33,-.519,-.0739,-.105,.0922,-.106,-.502,-.109,-.0246,-.0672,-.0599,-.0735,.105,.101,0
2020,7,29,d,-.328,-.525,-.0741,-.117,.0862,-.113,-.501,-.106,-.0315,-.0683,-.0614,-.0741,.103,.0979,0
2020,7,30,d,-.325,-.515,-.079,-.12,.0806,-.12,-.5,-.11,-.0368,-.0739,-.0674,-.0794,.101,.0947,0
2020,7,31,d,-.321,-.525,-.0791,-.121,.0799,-.123,-.5,-.109,-.0336,-.0756,-.0696,-.0807,.0971,.0917,0
2020,8,1,d,-.316,-.525,-.0827,-.119,.0819,-.126,-.493,-.115,-.0356,-.0778,-.0712,-.0836,.0954,.0913,0
2020,8,2,d,-.313,-.533,-.0889,-.124,.0766,-.124,-.488,-.12,-.0455,-.0837,-.0768,-.0897,.0914,.0868,0
2020,8,3,d,-.311,-.518,-.0793,-.132,.0724,-.121,-.477,-.11,-.0326,-.0757,-.0687,-.0817,.0883,.0833,0
2020,8,4,d,-.31,-.51,-.0748,-.137,.0666,-.138,-.472,-.108,-.0234,-.071,-.0632,-.0777,.0838,.0783,0
2020,8,5,d,-.309,-.51,-.0753,-.137,.0697,-.132,-.471,-.108,-.0218,-.0721,-.0644,-.0787,.0852,.0803,0
2020,8,6,d,-.306,-.512,-.0697,-.133,.0735,-.147,-.468,-.101,-.0187,-.0666,-.0607,-.0718,.0855,.0819,0
2020,8,7,d,-.308,-.505,-.0684,-.126,.0745,-.132,-.466,-.102,-.0174,-.0642,-.0584,-.0693,.0913,.0861,0
2020,8,8,d,-.305,-.498,-.0587,-.115,.08,-.117,-.469,-.0925,-.00494,-.0552,-.0495,-.0602,.101,.0942,0
2020,8,9,d,-.3,-.477,-.0467,-.0986,.0934,-.103,-.467,-.0826,.0151,-.0437,-.0366,-.0499,.111,.105,0
2020,8,10,d,-.299,-.487,-.0521,-.0918,.0939,-.0942,-.473,-.0888,.00931,-.0486,-.0405,-.0555,.112,.107,0
2020,8,11,d,-.297,-.497,-.0527,-.0861,.0924,-.0802,-.471,-.086,.00276,-.05,-.0427,-.0563,.123,.113,0
2020,8,12,d,-.294,-.494,-.0494,-.0792,.0893,-.0823,-.469,-.0832,.00732,-.0465,-.0385,-.0533,.122,.112,0
2020,8,13,d,-.291,-.492,-.0501,-.0766,.084,-.0628,-.47,-.0847,.0106,-.0477,-.0389,-.0552,.122,.11,0
2020,8,14,d,-.284,-.49,-.0507,-.0805,.0803,-.0743,-.469,-.0855,.0105,-.0478,-.0401,-.0544,.117,.105,0
2020,8,15,d,-.281,-.493,-.0538,-.0787,.0811,-.0918,-.47,-.0873,.00425,-.0511,-.0443,-.057,.115,.104,0
2020,8,16,d,-.279,-.497,-.0565,-.0753,.0842,-.108,-.469,-.0891,-.000158,-.0541,-.0471,-.0602,.112,.103,0
2020,8,17,d,-.278,-.494,-.0546,-.0733,.0835,-.115,-.465,-.0872,-.000184,-.0514,-.0457,-.0563,.111,.102,0
2020,8,18,d,-.277,-.488,-.0547,-.0772,.0796,-.132,-.467,-.0879,.000325,-.0509,-.0452,-.0559,.103,.0958,0
2020,8,19,d,-.273,-.487,-.0526,-.0733,.0855,-.125,-.466,-.086,.00341,-.0486,-.0427,-.0537,.107,.1,0
2020,8,20,d,-.273,-.495,-.0497,-.0695,.0897,-.119,-.463,-.0852,.00991,-.0456,-.0401,-.0503,.107,.102,0
2020,8,21,d,-.269,-.502,-.0468,-.059,.0906,-.109,-.462,-.0815,.00887,-.0429,-.0361,-.0487,.111,.105,0
2020,8,22,d,-.264,-.495,-.0401,-.051,.0968,-.0927,-.459,-.0747,.0153,-.036,-.0277,-.043,.116,.11,0
2020,8,23,d,-.26,-.492,-.0373,-.0489,.0985,-.0826,-.456,-.0725,.0146,-.0315,-.0263,-.0361,.117,.111,0
2020,8,24,d,-.263,-.509,-.041,-.0483,.102,-.0916,-.454,-.0784,.0104,-.0336,-.0287,-.0379,.117,.113,0
2020,8,25,d,-.264,-.517,-.0397,-.0446,.113,-.0779,-.447,-.0789,.0124,-.0318,-.0264,-.0363,.12,.119,0
2020,8,26,d,-.263,-.513,-.0345,-.0454,.122,-.0886,-.44,-.0731,.0183,-.0269,-.0225,-.0307,.123,.123,0
2020,8,27,d,-.263,-.516,-.0305,-.0436,.127,-.0774,-.432,-.0687,.0196,-.022,-.0166,-.0266,.128,.129,0
2020,8,28,d,-.264,-.521,-.0332,-.0582,.117,-.0855,-.431,-.0711,.018,-.025,-.0195,-.0298,.122,.121,0
2020,8,29,d,-.265,-.526,-.0376,-.0649,.102,-.0959,-.439,-.0736,.0114,-.0304,-.0262,-.034,.121,.115,0
2020,8,30,d,-.268,-.521,-.047,-.0734,.0822,-.104,-.447,-.0799,-.000828,-.041,-.0358,-.0455,.112,.103,0
2020,8,31,d,-.264,-.504,-.0428,-.0774,.0701,-.0925,-.444,-.0706,.00142,-.04,-.0349,-.0444,.103,.0929,0
2020,9,1,d,-.258,-.439,-.0303,-.0683,.0738,-.0824,-.43,-.0579,.0135,-.0268,-.0213,-.0316,.104,.0945,0
2020,9,2,d,-.257,-.416,-.0222,-.066,.0748,-.0737,-.421,-.049,.0232,-.0199,-.0152,-.0241,.107,.0968,0
2020,9,3,d,-.252,-.406,-.0151,-.0626,.0827,-.0725,-.413,-.0428,.0347,-.0135,-.00836,-.018,.108,.101,0
2020,9,4,d,-.241,-.451,-.0262,-.0466,.101,-.0995,-.414,-.0576,.0268,-.0226,-.016,-.0283,.109,.107,0
2020,9,5,d,-.226,-.442,-.02,-.0384,.122,-.11,-.401,-.0539,.0358,-.0155,-.00789,-.0219,.112,.116,0
2020,9,6,d,-.24,-.393,-.0097,-.0555,.0713,-.0632,-.405,-.035,.0489,-.0129,-.00652,-.0183,.11,.0978,0
2020,9,7,d,-.233,-.423,-.0371,-.068,.0444,-.069,-.412,-.0669,.02,-.0365,-.029,-.0428,.096,.0791,0
2020,9,8,d,-.237,-.528,-.0686,-.0642,.0427,-.0664,-.444,-.102,-.0157,-.0648,-.0585,-.0702,.0873,.0729,0
2020,9,9,d,-.199,-.483,-.0351,-.00144,.117,-.086,-.432,-.0786,.0207,-.0244,-.0175,-.0303,.146,.137,0
2020,9,10,d,-.197,-.474,-.0384,-.00428,.114,-.135,-.437,-.0801,.0135,-.0278,-.0223,-.0326,.141,.133,0
2020,9,11,d,-.215,-.497,-.0446,-.0182,.0802,-.0645,-.447,-.0857,.00523,-.0342,-.0304,-.0375,.133,.116,0
2020,9,12,d,-.218,-.518,-.0499,-.0146,.0753,-.0602,-.455,-.0889,-.0026,-.04,-.0365,-.0432,.132,.114,0
2020,9,13,d,-.228,-.544,-.0622,-.0249,.0723,-.0638,-.456,-.1,-.0177,-.0519,-.0478,-.0554,.116,.102,0
2020,9,14,d,-.236,-.546,-.0686,-.0273,.0711,-.0693,-.458,-.106,-.0238,-.0589,-.0538,-.0633,.12,.104,0
2020,9,15,d,-.244,-.524,-.0597,-.0257,.0697,-.0415,-.461,-.0954,-.0159,-.051,-.0461,-.0552,.127,.109,0
2020,9,16,d,-.241,-.537,-.0671,-.0272,.0737,-.127,-.464,-.099,-.0252,-.0602,-.0558,-.064,.115,.102,0
2020,9,17,d,-.24,-.532,-.0614,-.0243,.0808,-.068,-.464,-.0905,-.0216,-.056,-.0515,-.0598,.118,.106,0
2020,9,18,d,-.24,-.499,-.0489,-.0168,.0945,-.069,-.46,-.0754,-.0108,-.0449,-.0407,-.0485,.129,.118,0
2020,9,19,d,-.239,-.488,-.0379,-.0107,.101,-.0646,-.454,-.0636,.000774,-.0346,-.0317,-.0371,.135,.124,0
2020,9,20,d,-.239,-.479,-.0299,-.00488,.109,-.0644,-.449,-.0544,.0116,-.0283,-.0244,-.0317,.138,.129,0
2020,9,21,d,-.239,-.48,-.0297,-.00612,.112,-.0434,-.452,-.055,.0121,-.0277,-.0224,-.0322,.135,.128,0
2020,9,22,d,-.238,-.496,-.0355,.000772,.113,-.0941,-.448,-.0612,.00861,-.0338,-.0289,-.038,.132,.126,0
2020,9,23,d,-.237,-.491,-.0281,.000373,.119,-.0514,-.441,-.0556,.019,-.0258,-.0219,-.0293,.139,.133,0
2020,9,24,d,-.238,-.49,-.0262,-.00019,.119,-.0937,-.439,-.0541,.0249,-.0245,-.0206,-.028,.14,.133,0
2020,9,25,d,-.239,-.499,-.0303,-.00371,.11,-.0835,-.44,-.0588,.021,-.0285,-.0249,-.0318,.132,.126,0
2020,9,26,d,-.24,-.497,-.0332,-.00677,.107,-.0765,-.445,-.0622,.0176,-.0312,-.0264,-.0354,.129,.122,0
2020,9,27,d,-.241,-.485,-.0343,-.0109,.104,-.0636,-.448,-.0634,.015,-.0321,-.0286,-.0353,.128,.12,0
2020,9,28,d,-.24,-.493,-.0365,-.0137,.102,-.0658,-.446,-.0639,.0116,-.0349,-.0326,-.0369,.124,.117,0
2020,9,29,d,-.243,-.495,-.0362,-.0212,.0991,-.0531,-.451,-.064,.0102,-.0342,-.0321,-.036,.124,.116,0
2020,9,30,d,-.246,-.49,-.041,-.0251,.092,-.0585,-.453,-.0696,.00298,-.0378,-.0349,-.0404,.116,.109,0
2020,10,1,d,-.242,-.473,-.0425,-.0271,.0932,-.0849,-.442,-.0714,.000774,-.0385,-.0359,-.0408,.108,.103,0
2020,10,2,d,-.237,-.483,-.0403,-.0237,.101,-.0771,-.438,-.0704,.00768,-.0369,-.0333,-.04,.112,.109,0
2020,10,3,d,-.235,-.491,-.0408,-.0222,.0993,-.0691,-.432,-.0701,.00403,-.037,-.0334,-.0401,.113,.109,0
2020,10,4,d,-.232,-.497,-.0389,-.0221,.0998,-.0639,-.43,-.0697,.00622,-.0341,-.0307,-.0371,.117,.111,0
2020,10,5,d,-.235,-.486,-.0322,-.0242,.106,-.0617,-.427,-.0647,.0157,-.0275,-.0248,-.0298,.12,.116,0
2020,10,6,d,-.235,-.48,-.0304,-.0219,.111,-.0448,-.422,-.0629,.017,-.0251,-.022,-.0279,.119,.117,0
2020,10,7,d,-.233,-.481,-.0313,-.0218,.111,-.0462,-.421,-.0629,.0131,-.0261,-.0238,-.0282,.118,.116,0
2020,10,8,d,-.231,-.499,-.028,-.0218,.11,-.00821,-.425,-.0594,.0187,-.0234,-.0208,-.0258,.123,.119,0
2020,10,9,d,-.227,-.488,-.0216,-.0186,.117,-.00869,-.424,-.0523,.0232,-.017,-.0138,-.0198,.128,.124,0
2020,10,10,d,-.226,-.478,-.023,-.0272,.115,-.0181,-.425,-.0519,.0213,-.0192,-.0178,-.0204,.122,.12,0
2020,10,11,d,-.226,-.473,-.0246,-.0313,.105,-.0246,-.424,-.0504,.017,-.0224,-.0215,-.0234,.117,.113,0
2020,10,12,d,-.231,-.492,-.0294,-.0397,.102,-.0365,-.424,-.0551,.013,-.0272,-.0255,-.0288,.108,.107,0
2020,10,13,d,-.229,-.478,-.0227,-.0353,.101,-.0253,-.426,-.0471,.0161,-.0206,-.0196,-.0216,.124,.117,0
2020,10,14,d,-.232,-.502,-.0219,-.0311,.0977,-.0513,-.428,-.0473,.0182,-.0199,-.0198,-.0201,.14,.127,0
2020,10,15,d,-.233,-.488,-.0154,-.0268,.0943,-.0516,-.427,-.0399,.0203,-.0127,-.0134,-.0122,.155,.136,0
2020,10,16,d,-.236,-.508,-.0243,-.029,.0834,-.0614,-.433,-.0474,.00689,-.0213,-.0232,-.0198,.157,.134,0
2020,10,17,d,-.234,-.515,-.0233,-.0275,.0839,-.054,-.434,-.0481,.0101,-.0193,-.0201,-.0187,.163,.138,0
2020,10,18,d,-.232,-.517,-.0203,-.0226,.094,-.0511,-.433,-.0467,.0166,-.0157,-.0156,-.0158,.168,.145,0
2020,10,19,d,-.23,-.531,-.0258,-.0169,.0966,-.0635,-.435,-.0504,.00889,-.0218,-.0225,-.0213,.17,.147,0
2020,10,20,d,-.227,-.532,-.0277,-.0187,.0899,-.0727,-.435,-.0522,.00776,-.0238,-.0242,-.0236,.162,.139,0
2020,10,21,d,-.226,-.526,-.0326,-.0205,.0928,-.0894,-.433,-.0566,.00521,-.0295,-.0279,-.0308,.148,.131,0
2020,10,22,d,-.224,-.526,-.0308,-.0232,.0954,-.059,-.436,-.0535,.0073,-.0288,-.0262,-.0309,.142,.127,0
2020,10,23,d,-.225,-.51,-.0271,-.0217,.0964,-.0499,-.434,-.05,.0104,-.0245,-.0235,-.0255,.131,.12,0
2020,10,24,d,-.227,-.5,-.0225,-.0131,.101,-.0504,-.434,-.045,.0145,-.0204,-.0197,-.0211,.132,.122,0
2020,10,25,d,-.23,-.491,-.0226,-.0147,.0985,-.0529,-.433,-.043,.0106,-.0212,-.0209,-.0215,.131,.121,0
2020,10,26,d,-.229,-.495,-.028,-.0172,.0876,-.0467,-.438,-.0484,.00304,-.0261,-.0254,-.0267,.124,.112,0
2020,10,27,d,-.225,-.49,-.0285,-.00682,.0936,-.0666,-.436,-.0494,.00616,-.0266,-.0247,-.0282,.123,.113,0
2020,10,28,d,-.223,-.493,-.0306,-.0065,.0971,-.0592,-.44,-.0506,.00374,-.0295,-.0291,-.0299,.12,.113,0
2020,10,29,d,-.225,-.49,-.0311,-.00963,.107,-.0558,-.445,-.0509,.0023,-.0301,-.0312,-.0293,.12,.116,0
2020,10,30,d,-.226,-.494,-.0267,-.019,.112,-.0582,-.448,-.0483,.0104,-.0258,-.0247,-.0268,.131,.125,0
2020,10,31,d,-.233,-.5,-.032,-.0292,.116,-.0511,-.447,-.0538,.00395,-.0304,-.0308,-.0301,.125,.122,0
2020,11,1,d,-.235,-.508,-.0461,-.0333,.11,-.052,-.449,-.0688,-.0169,-.0423,-.0443,-.0408,.12,.117,0
2020,11,2,d,-.235,-.48,-.0331,-.0491,.121,-.0334,-.436,-.0522,-.00401,-.0316,-.0346,-.0292,.115,.117,0
2020,11,3,d,-.235,-.471,-.0338,-.0651,.128,-.0567,-.427,-.0526,-.00466,-.0327,-.0362,-.03,.102,.111,0
2020,11,4,d,-.241,-.46,-.0411,-.0809,.112,-.0575,-.429,-.0623,-.0108,-.039,-.042,-.0367,.0909,.0978,0
2020,11,5,d,-.249,-.462,-.0455,-.0868,.0986,-.0684,-.431,-.069,-.0125,-.043,-.0455,-.041,.0848,.0893,0
2020,11,6,d,-.25,-.462,-.0479,-.0696,.0977,-.0682,-.428,-.0707,-.0149,-.0458,-.0485,-.0437,.0757,.0828,0
2020,11,7,d,-.242,-.459,-.0415,-.0576,.0995,-.0751,-.429,-.0671,-.00126,-.0396,-.0393,-.0401,.0795,.0859,0
2020,11,8,d,-.242,-.455,-.0274,-.0543,.108,-.0711,-.429,-.0546,.0222,-.0269,-.0248,-.0288,.0814,.0897,0
2020,11,9,d,-.245,-.483,-.038,-.0449,.0947,-.0942,-.441,-.0665,.0121,-.0372,-.034,-.0399,.0903,.0916,0
2020,11,10,d,-.251,-.488,-.0351,-.0315,.0949,-.0445,-.45,-.0642,.015,-.0342,-.0305,-.0374,.102,.0998,0
2020,11,11,d,-.246,-.502,-.0153,-.0124,.118,-.0304,-.446,-.0418,.0327,-.015,-.0101,-.0192,.122,.121,0
2020,11,12,d,-.241,-.484,-.0215,-.000322,.114,-.0296,-.448,-.0495,.0262,-.0196,-.0144,-.0241,.123,.12,0
2020,11,13,d,-.239,-.482,-.0149,.0162,.128,-.0316,-.449,-.0427,.0343,-.0125,-.00558,-.0184,.143,.138,0
2020,11,14,d,-.239,-.492,-.00934,.0324,.138,-.035,-.449,-.0349,.0352,-.00719,-.0023,-.0115,.161,.154,0
2020,11,15,d,-.239,-.506,-.00997,.0433,.148,-.0499,-.45,-.0345,.0311,-.00794,-.00367,-.0117,.174,.166,0
2020,11,16,d,-.237,-.499,-.00871,.0489,.154,-.0265,-.451,-.0341,.0331,-.00594,-.00271,-.00877,.172,.167,0
2020,11,17,d,-.232,-.507,-.00998,.0492,.151,-.0671,-.454,-.0344,.0274,-.00679,-.00403,-.00922,.174,.167,0
2020,11,18,d,-.229,-.527,.00255,.0685,.177,-.0491,-.449,-.02,.0424,.00473,.00854,.00145,.187,.184,0
2020,11,19,d,-.231,-.545,-.00255,.0592,.179,-.0709,-.45,-.024,.037,-.00136,.000632,-.00314,.18,.18,0
2020,11,20,d,-.239,-.545,-.00437,.039,.175,-.0606,-.452,-.0245,.0304,-.00357,-.00384,-.00343,.169,.171,0
2020,11,21,d,-.248,-.542,-.00707,.0287,.167,-.0558,-.451,-.0261,.0246,-.00614,-.00703,-.00548,.167,.167,0
2020,11,22,d,-.257,-.534,-.00284,.0362,.156,-.0448,-.453,-.0219,.0294,-.00172,-.00362,-.000219,.17,.166,0
2020,11,23,d,-.261,-.556,-.00775,.0408,.149,-.0774,-.459,-.0253,.0222,-.00683,-.00945,-.0047,.169,.163,0
2020,11,24,d,-.257,-.565,-.00804,.0412,.156,-.0634,-.458,-.024,.0207,-.00753,-.0126,-.00335,.166,.164,0
2020,11,25,d,-.291,-.576,-.0595,-.0451,-.00496,-.0661,-.471,-.0734,-.0413,-.0593,-.0654,-.0543,.102,.0662,0
2020,11,26,d,-.311,-.608,-.0966,-.118,-.0865,-.0935,-.484,-.101,-.0884,-.0999,-.109,-.0922,.0467,.00296,0
2020,11,27,d,-.326,-.597,-.115,-.147,-.0599,-.109,-.49,-.124,-.0948,-.118,-.122,-.114,-.00387,-.0196,0
2020,11,28,d,-.297,-.589,-.0939,-.127,.00846,-.0749,-.483,-.109,-.0689,-.0932,-.0964,-.0906,.0189,.0177,0
2020,11,29,d,-.306,-.6,-.0983,-.106,-.034,-.0854,-.482,-.111,-.0773,-.0984,-.102,-.0954,.0298,.0121,0
2020,11,30,d,-.285,-.668,-.152,-.273,.0482,-.0821,-.509,-.172,-.125,-.149,-.149,-.149,-.124,-.077,0
2020,12,1,d,-.291,-.514,-.0715,-.196,.0152,.00497,-.454,-.0839,-.0438,-.0726,-.0753,-.0704,-.0345,-.0198,0
2020,12,2,d,-.279,-.489,-.0503,-.17,.0627,.0328,-.445,-.0629,-.0223,-.0517,-.0551,-.049,-.00717,.0125,0
2020,12,3,d,-.268,-.479,-.0317,-.145,.111,.0646,-.437,-.0452,-.00212,-.033,-.036,-.0305,.0169,.0424,0
2020,12,4,d,-.263,-.465,-.0289,-.143,.124,.0671,-.435,-.0445,.00583,-.0302,-.0326,-.0283,.0205,.048,0
2020,12,5,d,-.27,-.477,-.0536,-.203,.0797,.0471,-.439,-.0659,-.0208,-.0584,-.0607,-.0566,-.0423,-.0105,0
2020,12,6,d,-.289,-.446,-.0171,-.0507,.107,-.027,-.441,-.0349,.0181,-.0177,-.0192,-.0166,.0823,.0894,0
2020,12,7,d,-.288,-.458,-.0228,-.0506,.106,-.0267,-.444,-.0386,.0114,-.0236,-.0262,-.0216,.1,.102,0
2020,12,8,d,-.298,-.514,-.0492,-.0716,.0704,-.0444,-.461,-.0639,-.0175,-.0515,-.051,-.0521,.086,.0817,0
2020,12,9,d,-.295,-.528,-.0566,-.0899,.0998,-.0393,-.471,-.0729,-.023,-.058,-.0569,-.0591,.0686,.0778,0
2020,12,10,d,-.295,-.519,-.0402,-.0647,.107,-.069,-.462,-.0571,-.00557,-.041,-.0404,-.0416,.0877,.0936,0
2020,12,11,d,-.297,-.539,-.0384,-.0532,.104,-.0712,-.459,-.0562,-.0051,-.0382,-.0378,-.0386,.0949,.098,0
2020,12,12,d,-.302,-.546,-.0396,-.0499,.0951,-.0655,-.458,-.0564,-.00733,-.0394,-.0398,-.0392,.0946,.0953,0
2020,12,13,d,-.306,-.558,-.045,-.0555,.0807,-.0646,-.458,-.0627,-.0118,-.0448,-.0451,-.0447,.0848,.0842,0
2020,12,14,d,-.305,-.574,-.0516,-.0624,.0643,-.0777,-.457,-.0688,-.0201,-.0513,-.0516,-.0512,.0766,.0735,0
2020,12,15,d,-.301,-.557,-.0444,-.0576,.0757,-.05,-.449,-.0617,-.0134,-.0436,-.0441,-.0433,.076,.0763,0
2020,12,16,d,-.302,-.565,-.0517,-.0749,.0629,-.0798,-.446,-.0704,-.0199,-.0507,-.0501,-.0513,.0599,.0611,0
2020,12,17,d,-.307,-.566,-.064,-.0972,.0403,-.0569,-.446,-.0852,-.0278,-.063,-.0615,-.0643,.0408,.041,0
2020,12,18,d,-.307,-.556,-.0699,-.113,.022,-.0587,-.443,-.0911,-.0327,-.0691,-.0657,-.072,.0262,.0252,0
2020,12,19,d,-.304,-.556,-.0715,-.122,.0172,-.0625,-.432,-.0935,-.0326,-.0707,-.0664,-.0744,.0162,.0168,0
2020,12,20,d,-.302,-.554,-.08,-.134,-.00374,-.0725,-.433,-.103,-.0395,-.0788,-.0737,-.0831,-.0000871,-.000859,0
2020,12,21,d,-.287,-.544,-.0594,-.0915,.0704,-.0266,-.427,-.0855,-.015,-.057,-.0512,-.0619,.0304,.0465,0
2020,12,22,d,-.268,-.568,-.0415,-.0593,.151,-.0415,-.417,-.0708,.00719,-.0382,-.0322,-.0434,.062,.0967,0
2020,12,23,d,-.268,-.576,-.0296,-.0386,.197,.0287,-.4,-.062,.0245,-.0251,-.0179,-.0312,.0789,.126,0
2020,12,24,d,-.275,-.589,-.00892,.00827,.265,.0774,-.4,-.0414,.0431,-.00349,.0045,-.0102,.122,.18,0
2020,12,25,d,-.316,-.609,-.0111,.0372,.323,.113,-.414,-.0427,.0393,-.00565,-.000714,-.00986,.142,.215,0
2020,12,26,d,-.318,-.602,-.00238,.0403,.367,.163,-.412,-.0376,.0515,.00444,.011,-.00116,.147,.235,0
2020,12,27,d,-.317,-.593,-.00662,.0385,.172,.129,-.399,-.0337,.0386,-.00458,.00233,-.0105,.156,.162,0
2020,12,28,d,-.308,-.575,-.00179,.0365,.122,.118,-.395,-.0295,.0417,.000528,.00809,-.00594,.165,.146,0
2020,12,29,d,-.313,-.561,-.00713,.0239,.0584,.0847,-.402,-.0329,.0332,-.00589,.000202,-.0112,.155,.113,0
2020,12,30,d,-.311,-.538,-.0128,.00799,.00822,.0805,-.403,-.0357,.026,-.0138,-.00857,-.0184,.147,.0854,0
2020,12,31,d,-.314,-.522,-.00225,.0463,-.0289,.0641,-.395,-.018,.0306,-.00682,-.00151,-.0115,.183,.0857,0
2021,1,1,d,-.345,-.508,-.0362,.00216,-.131,.077,-.416,-.0549,-.00307,-.0392,-.0365,-.0418,.149,.0231,0
2021,1,2,d,-.296,-.519,-.0454,-.00176,-.155,-.0346,-.424,-.0661,-.00837,-.0485,-.0422,-.0541,.14,.0127,0
2021,1,3,d,-.252,-.504,-.0162,.0552,.144,-.0707,-.418,-.051,.0427,-.0124,-.00297,-.0203,.172,.163,0
2021,1,4,d,-.237,-.48,-.0228,.0667,.159,-.133,-.427,-.0641,.0536,-.0186,-.00675,-.0286,.161,.16,0
2021,1,5,d,-.258,-.492,-.0411,.0281,.12,-.103,-.429,-.0867,.0421,-.0365,-.023,-.048,.124,.122,0
2021,1,6,d,-.251,-.467,.00409,-.000762,.0964,.053,-.41,-.0542,.103,.0123,.0317,-.00409,.14,.126,0
2021,1,7,d,-.236,-.462,.0301,.0558,.113,.0835,-.404,-.036,.142,.0406,.0647,.0205,.192,.166,0
2021,1,8,d,-.205,-.46,.0375,.0995,.144,-.0366,-.407,-.0338,.159,.0487,.0745,.027,.217,.193,0
2021,1,9,d,-.171,-.421,.0741,.128,.197,-.0317,-.396,-.000299,.201,.0854,.112,.0634,.245,.229,0
2021,1,10,d,-.171,-.406,.0985,.164,.234,.0267,-.403,.0163,.236,.111,.142,.0858,.283,.267,0
2021,1,11,d,-.185,-.445,.0791,.165,.218,.00478,-.406,.00108,.204,.0918,.121,.0674,.28,.26,0
2021,1,12,d,-.19,-.455,.0649,.156,.207,-.0239,-.408,-.0109,.182,.0781,.107,.054,.274,.252,0
2021,1,13,d,-.185,-.453,.0681,.155,.224,-.0204,-.405,-.00733,.186,.081,.109,.0574,.278,.26,0
2021,1,14,d,-.179,-.441,.0752,.151,.235,-.0164,-.404,.000309,.192,.0885,.116,.0655,.278,.264,0
2021,1,15,d,-.178,-.389,.0871,.149,.239,.0301,-.396,.0116,.206,.101,.129,.0786,.278,.266,0
2021,1,16,d,-.171,-.388,.09,.148,.24,.0414,-.394,.0148,.207,.105,.132,.0823,.278,.266,0
2021,1,17,d,-.17,-.397,.0704,.122,.192,.0461,-.401,.00205,.177,.0837,.106,.0655,.257,.236,0
2021,1,18,d,-.157,-.374,.0565,.123,.18,.0265,-.402,-.00549,.153,.0686,.0847,.0549,.255,.23,0
2021,1,19,d,-.172,-.398,.0639,.104,.176,.0552,-.4,-.00191,.164,.0778,.0971,.0615,.245,.222,0
2021,1,20,d,-.181,-.404,.0656,.0936,.177,.0581,-.397,.000014,.166,.0795,.099,.0633,.238,.218,0
2021,1,21,d,-.191,-.399,.076,.0684,.16,.091,-.391,.011,.179,.0888,.108,.0731,.231,.208,0
2021,1,22,d,-.188,-.437,.0442,.0808,.147,.036,-.401,-.0158,.134,.0567,.0742,.0421,.226,.2,0
2021,1,23,d,-.186,-.445,.0338,.0735,.131,.0317,-.401,-.0213,.115,.0454,.0604,.0329,.219,.19,0
2021,1,24,d,-.182,-.434,.0519,.0913,.174,.0395,-.393,-.00568,.138,.0642,.0805,.0506,.237,.216,0
2021,1,25,d,-.182,-.457,.0417,.0879,.17,.0286,-.397,-.0121,.118,.0535,.0658,.0431,.232,.212,0
2021,1,26,d,-.193,-.465,.02,.0757,.13,.016,-.407,-.0289,.0932,.0287,.039,.0199,.218,.189,0
2021,1,27,d,-.193,-.478,-.000881,.0733,.0933,.00502,-.42,-.0487,.0668,.00869,.0183,.00047,.211,.171,0
2021,1,28,d,-.182,-.503,-.00225,.0826,.0872,.02,-.417,-.0504,.0623,.00875,.017,.00164,.218,.173,0
2021,1,29,d,-.161,-.509,.00697,.102,.104,.0148,-.416,-.0472,.0809,.0196,.0299,.0109,.229,.186,0
2021,1,30,d,-.151,-.52,.0215,.127,.139,.0222,-.411,-.0366,.101,.0353,.0468,.0254,.247,.21,0
2021,1,31,d,-.151,-.543,.0106,.125,.124,.0142,-.409,-.0445,.0828,.0243,.0348,.0154,.242,.202,0
2021,2,1,d,-.159,-.511,.0128,.109,.106,.0147,-.396,-.0451,.0892,.027,.04,.0161,.227,.185,0
2021,2,2,d,-.16,-.473,.0232,.0974,.0998,.023,-.391,-.0372,.0995,.039,.0534,.0268,.224,.18,0
2021,2,3,d,-.144,-.426,.0506,.116,.14,.0344,-.359,-.0102,.13,.0658,.0797,.0539,.241,.206,0
2021,2,4,d,-.14,-.386,.0729,.121,.192,.0334,-.346,.0124,.156,.0866,.101,.0743,.254,.232,0
2021,2,5,d,-.147,-.357,.0847,.108,.218,.0349,-.343,.0296,.161,.0962,.109,.0854,.25,.239,0
2021,2,6,d,-.153,-.321,.0937,.0916,.237,.0346,-.34,.0436,.168,.102,.115,.0915,.244,.241,0
2021,2,7,d,-.163,-.278,.111,.0838,.256,.0409,-.339,.0563,.193,.12,.135,.107,.241,.246,0
2021,2,8,d,-.162,-.29,.112,.0943,.28,.039,-.345,.0605,.192,.119,.134,.106,.253,.262,0
2021,2,9,d,-.165,-.299,.111,.103,.312,.0325,-.34,.0637,.188,.117,.131,.104,.257,.277,0
2021,2,10,d,-.183,-.322,.0917,.0866,.306,.0251,-.362,.0461,.167,.0973,.112,.0847,.245,.266,0
2021,2,11,d,-.195,-.352,.0712,.0765,.268,.0113,-.369,.0278,.142,.0765,.0918,.0634,.226,.241,0
2021,2,12,d,-.191,-.375,.065,.0843,.267,.0168,-.365,.0232,.133,.07,.0862,.0563,.228,.242,0
2021,2,13,d,-.193,-.406,.0449,.0707,.229,.00235,-.368,.00135,.115,.0504,.0675,.036,.208,.216,0
2021,2,14,d,-.197,-.447,.024,.0573,.181,.000922,-.366,-.0154,.0875,.0286,.0443,.0155,.191,.188,0
2021,2,15,d,-.183,-.449,.00868,.0395,.175,-.0175,-.372,-.0237,.0608,.0125,.025,.00191,.18,.179,0
2021,2,16,d,-.204,-.486,.00339,.0225,.175,-.0207,-.38,-.0285,.0541,.00588,.0178,-.00416,.161,.166,0
2021,2,17,d,-.214,-.489,.000736,.00933,.176,-.0203,-.377,-.0294,.0473,.00268,.013,-.00606,.142,.154,0
2021,2,18,d,-.228,-.484,-.00139,-.0285,.144,.00452,-.383,-.0361,.0472,.00257,.014,-.00708,.113,.124,0
2021,2,19,d,-.222,-.472,-.016,-.024,.0981,-.0397,-.392,-.0533,.0295,-.00913,.00142,-.018,.115,.109,0
2021,2,20,d,-.2,-.449,-.00542,-.00511,.106,-.0171,-.388,-.0396,.0342,.00161,.00808,-.00396,.136,.126,0
2021,2,21,d,-.171,-.43,.0125,.0149,.15,-.00786,-.381,-.0198,.0503,.0193,.0237,.0153,.155,.153,0
2021,2,22,d,-.154,-.437,.0134,.0127,.135,-.00344,-.382,-.0155,.0419,.0211,.0223,.0198,.152,.147,0
2021,2,23,d,-.148,-.447,.0213,.0321,.136,.0182,-.376,-.0128,.0556,.0308,.033,.0287,.177,.164,0
2021,2,24,d,-.13,-.458,.0238,.0443,.121,.0232,-.378,-.0128,.0607,.0347,.0388,.0311,.192,.168,0
2021,2,25,d,-.12,-.458,.0319,.0656,.14,.0398,-.373,-.00132,.069,.0403,.0416,.039,.211,.187,0
2021,2,26,d,-.107,-.471,.0302,.0738,.159,.0395,-.366,.000987,.0633,.0369,.0368,.0369,.212,.195,0
2021,2,27,d,-.118,-.505,.0121,.0651,.135,.00702,-.373,-.0133,.0321,.0192,.0175,.0205,.196,.176,0
2021,2,28,d,-.121,-.533,-.00884,.0551,.124,-.0173,-.382,-.0291,-.000639,-.00228,-.00613,.000833,.184,.165,0
2021,3,1,d,-.116,-.493,.0111,.0625,.137,.0121,-.358,-.0115,.0228,.0182,.0148,.021,.187,.171,0
2021,3,2,d,-.115,-.463,.0299,.0581,.137,.0188,-.346,.0101,.0396,.0353,.031,.0388,.19,.173,0
2021,3,3,d,-.113,-.433,.0484,.0612,.142,.0261,-.322,.0268,.0636,.0527,.0477,.0567,.2,.182,0
2021,3,4,d,-.113,-.406,.0632,.0672,.156,.0272,-.312,.0405,.0813,.0675,.0631,.071,.214,.195,0
2021,3,5,d,-.106,-.38,.0801,.0751,.169,.0393,-.303,.0586,.102,.0827,.0787,.0858,.227,.208,0
2021,3,6,d,-.101,-.339,.103,.0863,.185,.0537,-.291,.078,.136,.105,.104,.106,.241,.224,0
2021,3,7,d,-.096,-.297,.133,.104,.21,.0676,-.276,.1,.178,.135,.136,.134,.263,.246,0
2021,3,8,d,-.0945,-.327,.124,.111,.213,.0417,-.286,.0891,.178,.127,.13,.123,.269,.251,0
2021,3,9,d,-.0952,-.347,.111,.114,.217,.0458,-.288,.0727,.167,.114,.119,.11,.263,.249,0
2021,3,10,d,-.0985,-.367,.0982,.113,.22,.0443,-.303,.0618,.15,.102,.107,.0977,.258,.246,0
2021,3,11,d,-.103,-.391,.0867,.107,.209,.0325,-.303,.0527,.135,.0901,.0945,.0862,.245,.235,0
2021,3,12,d,-.107,-.406,.0806,.106,.205,.0341,-.297,.0437,.128,.0858,.091,.0812,.241,.23,0
2021,3,13,d,-.108,-.423,.0769,.11,.2,.0314,-.294,.0335,.136,.0829,.0905,.0762,.245,.231,0
2021,3,14,d,-.114,-.451,.0655,.11,.189,.028,-.3,.0195,.129,.0715,.0804,.0638,.241,.224,0
2021,3,15,d,-.107,-.427,.0738,.118,.196,.0469,-.298,.0224,.147,.0803,.0918,.0704,.246,.231,0
2021,3,16,d,-.0994,-.409,.0948,.141,.212,.0594,-.291,.0313,.191,.103,.117,.0901,.265,.249,0
2021,3,17,d,-.0873,-.379,.123,.174,.226,.0755,-.283,.0416,.246,.134,.154,.116,.294,.273,0
2021,3,18,d,-.0703,-.349,.145,.201,.234,.101,-.277,.05,.29,.159,.185,.136,.318,.292,0
2021,3,19,d,-.0557,-.324,.164,.23,.243,.11,-.273,.061,.323,.177,.206,.153,.339,.309,0
2021,3,20,d,-.0454,-.306,.171,.246,.247,.113,-.27,.0664,.332,.186,.216,.16,.35,.318,0
2021,3,21,d,-.0263,-.281,.186,.26,.26,.123,-.26,.0789,.351,.201,.233,.174,.363,.331,0
2021,3,22,d,-.0237,-.274,.191,.271,.266,.121,-.257,.0849,.355,.207,.237,.18,.375,.341,0
2021,3,23,d,-.0232,-.267,.181,.263,.258,.122,-.262,.0802,.336,.196,.225,.171,.373,.337,0
2021,3,24,d,-.0307,-.288,.159,.248,.236,.111,-.267,.0703,.296,.171,.197,.149,.357,.32,0
2021,3,25,d,-.0375,-.304,.146,.236,.229,.0964,-.268,.0687,.27,.156,.177,.138,.347,.31,0
2021,3,26,d,-.0389,-.321,.137,.226,.224,.0766,-.273,.0643,.248,.146,.164,.131,.337,.302,0
2021,3,27,d,-.0404,-.335,.128,.22,.22,.0746,-.273,.0585,.234,.137,.152,.123,.327,.294,0
2021,3,28,d,-.045,-.351,.117,.215,.22,.0651,-.276,.047,.22,.128,.144,.114,.317,.287,0
2021,3,29,d,-.0406,-.365,.11,.218,.227,.0595,-.275,.0407,.208,.121,.136,.109,.308,.283,0
2021,3,30,d,-.0353,-.372,.113,.226,.24,.0434,-.269,.0489,.204,.123,.137,.111,.311,.289,0
2021,3,31,d,-.0257,-.357,.122,.232,.255,.0414,-.265,.0625,.21,.131,.144,.12,.31,.293,0
2021,4,1,d,-.0167,-.352,.127,.246,.28,.0416,-.252,.066,.219,.137,.15,.127,.313,.303,0
2021,4,2,d,-.0127,-.355,.13,.265,.325,.0347,-.251,.0679,.225,.14,.154,.129,.321,.323,0
2021,4,3,d,-.0176,-.363,.134,.267,.362,.0299,-.243,.0735,.226,.143,.156,.132,.315,.33,0
2021,4,4,d,-.0422,-.37,.102,.186,.277,.0247,-.256,.0447,.194,.108,.12,.0969,.256,.263,0
2021,4,5,d,-.0475,-.352,.107,.177,.262,.0272,-.25,.0486,.207,.112,.127,.0997,.257,.259,0
2021,4,6,d,-.0371,-.329,.121,.193,.273,.0767,-.241,.056,.228,.128,.143,.115,.271,.272,0
2021,4,7,d,-.0372,-.328,.112,.181,.253,.0773,-.24,.0453,.224,.12,.136,.106,.265,.262,0
2021,4,8,d,-.035,-.323,.105,.169,.223,.0715,-.249,.0388,.215,.112,.129,.0983,.26,.249,0
2021,4,9,d,-.0302,-.302,.0985,.143,.168,.0663,-.247,.0335,.209,.104,.12,.0906,.251,.225,0
2021,4,10,d,-.0164,-.278,.0916,.131,.117,.0714,-.255,.0259,.203,.0972,.113,.0834,.25,.208,0
2021,4,11,d,.0186,-.256,.127,.209,.198,.0829,-.241,.0603,.239,.134,.15,.119,.307,.273,0
2021,4,12,d,.03,-.26,.132,.216,.201,.106,-.241,.0679,.238,.14,.154,.127,.315,.28,1
2021,4,13,d,.0223,-.274,.118,.19,.166,.0737,-.246,.0578,.22,.122,.136,.11,.297,.256,1
2021,4,14,d,.0223,-.275,.119,.193,.168,.0759,-.243,.0602,.217,.123,.137,.112,.304,.261,1
2021,4,15,d,.0162,-.228,.113,.188,.164,.0794,-.244,.0561,.206,.118,.132,.107,.297,.255,1
2021,4,16,d,.011,-.188,.11,.18,.154,.102,-.247,.0545,.197,.115,.128,.104,.291,.248,1
2021,4,17,d,.0071,-.184,.116,.174,.138,.111,-.245,.0618,.2,.122,.135,.11,.301,.249,1
2021,4,18,d,.00307,-.189,.118,.162,.108,.114,-.243,.0656,.202,.123,.134,.113,.304,.24,1
2021,4,19,d,-.00965,-.198,.106,.122,.0731,.119,-.245,.054,.194,.111,.123,.1,.284,.214,1
2021,4,20,d,-.00437,-.191,.102,.108,.0449,.128,-.248,.0514,.184,.107,.118,.0975,.28,.199,1
2021,4,21,d,.0119,-.185,.132,.18,.125,.133,-.243,.0835,.207,.138,.147,.13,.327,.259,1
2021,4,22,d,.0123,-.236,.138,.178,.139,.15,-.247,.0903,.217,.142,.151,.135,.326,.264,1
2021,4,23,d,.00605,-.319,.124,.143,.131,.0944,-.25,.0784,.203,.126,.136,.119,.292,.238,1
2021,4,24,d,-.00415,-.336,.116,.137,.151,.0823,-.26,.0701,.195,.118,.125,.112,.271,.232,1
2021,4,25,d,-.00547,-.351,.111,.137,.185,.0745,-.264,.0662,.189,.114,.121,.108,.259,.237,1
2021,5,2,w,-.000587,-.328,.0959,.173,.17,.0573,-.246,.0581,.153,.0997,.102,.0976,.27,.239,1
